【主機搭購】BenQ BL2490,2H1P,5ms,IPS,100Hz,含喇叭,光智慧2,0技術,,不閃屏 ,3288,1920*1080 (23.8吋),HDMI(1.4)*2/DP(1.2)*1,5毫秒,有(2W*2),NO,可 100x100 mm,2988
【主機搭購】BenQ BL2790 ,1A1H1P,5ms,IPS,含喇叭, 光智慧2,0技術,不閃屏 ,4188,1920*1080,HDMI(1.4)*2/DP(1.2)*1,5毫秒,有(2W*2),NO,可 100x100 mm,3988
【主機搭購】BenQ MOBIUZ EX2710R,2H1P,1ms,VA曲面,165Hz,含喇叭,FreeSync Premium Pro,保亮點 ,7688,2560*1440 (1000R/90% DCI-P3),HDMI(2.0)*2/DP(1.4)*1,1毫秒,有(2W*2/5W*1 woofer),一年,可 100x100mm,6688,BenQ MOBIUZ EX2710R支援獨家類瞳孔護眼技術 HDRi、Light Tuner 獨家遊戲調光器
【主機搭購】ACER EK241Y E,1A1H,IPS,100Hz,無喇叭,抗閃系列 ,2588,1920*1080 (23.8吋),D-Sub*1/HDMI(1.4)*1,1毫秒(VRB),無,NO,可 100x100 mm,FreeSync,2288
【主機搭購】ACER KB242Y H,1A1H,VA,100Hz,含喇叭,抗閃系列,護眼 ,2588,1920*1080 (23.8吋),D-Sub*1/HDMI(1.4)*1,1毫秒(VRB),有(2W*2),NO,可 100x100 mm,FreeSync,2388
【主機搭購】ACER KA272 E0,1A1H,1ms,IPS,100Hz,含喇叭,,FreeSync,抗閃系列 ,2999,1920*1080,D-Sub/HDMI(1.4),1毫秒(VRB),有(2W*2),NO,可 100x100 mm,2688
【主機搭購】AOPEN 24CV1Y H,1A1H,1ms,VA,100Hz,無喇叭,FreeSync,低藍光,不閃屏 ,2288,1920*1080 (23.8吋),D-Sub/HDMI (1.4),1毫秒(TVR),無,NO,可 75x75mm,附 HDMI 線,2050
【主機搭購】PHILIPS Evnia 27M1C5500V,2H1P,VA曲面,1500R,165Hz,無喇叭,HDR10,可升降 ,4980,2560*1440,HDMI(2.0)*2/DP(1.4)*1,1毫秒(MPRT),無,NO,可 100x100mm,Adaptive-Sync,4288
【主機搭購】LG 24MQ400-B ,1A1H,5ms,IPS,無喇叭,FreeSync,護眼電競螢幕 ,2688,1920*1080 (23.8吋),D-Sub/HDMI,5毫秒,無,NO,可 75x75 mm,附 HDMI 線,2488
【主機搭購】MSI PRO MP223,1A1H,1ms,VA,100Hz,無喇叭,抗閃機種,低藍光 ,2288,1920*1080 (21.45 吋),D-Sub/HDMI,1毫秒(MPRT),無,NO,可 75x75 mm,1988
【主機搭購】MSI PRO MP242A,1A1H1P,1ms,IPS,100Hz,含喇叭,抗閃機種,,護眼機種, ,2988,1920*1080 (23.8吋),D-Sub/HDMI/DP,1毫秒(MPRT),有(2W*2),NO,可 100x100 mm,2688
【主機搭購】MSI MP275,1A1H,1ms,IPS,100Hz,含喇叭,抗閃系列 ,3288,1920*1080,D-Sub/HDMI(1.4b),1毫秒(MPRT),有(2W*2),NO,可 100x100 mm,2988
【主機搭購】ViewSonic VA2432-MHD-100HZ,1A1H1P,IPS,100Hz,含喇叭,零閃屏技術,抗藍光技術 ,3288,1920*1080 (23.8吋),D-Sub*1/HDMI(1.4)*1/DP(1.2)*1,4毫秒(GTG),有(2W*2),NO,可 75x75 mm,3088
【主機搭購】ViewSonic VX2779-HD-PRO,2H1P,1ms,IPS,180Hz,無喇叭,Adaptive-Sync,保亮點 ,3968,1920*1080,HDMI(1.4)*2/DP *1,1毫秒(MPRT),無,一年,可 100x100 mm,3788
【主機搭購】華碩 VY229Q,1H1P,1ms,IPS,含喇叭,Adaptive-Sync,低藍光,不閃屏 ,2788,1920*1080 (21.45 吋),HDMI(1.4)/DP(1.2),1毫秒(MPRT),有(2W*2),NO,可 100x100 mm,2688
【螢幕搭購】銀欣 SST-ARM13 ,單螢幕,機械彈簧設計,穿夾兩用,最大支援32吋or9公斤,,1790
【螢幕搭購】銀欣 SST-ARM14 白色,單螢幕,氣壓彈簧,穿夾兩用,最大支援49吋or20公斤,,2790
【螢幕搭購】銀欣 SST-ARM14B 黑色,單螢幕,氣壓彈簧,穿夾兩用,最大支援49吋or20kg,,2790
【螢幕搭購】銀欣 SST-ARM25 ,雙螢幕,機械彈簧,穿夾兩用,最大支援32吋or9公斤,,3090
華碩 VB178N,1A1D,5ms,TN,無喇叭,1280*1024,5:4,,1280*1024 (5:4),D-Sub/DVI,5毫秒,無,NO,可 100x100 mm,1488
DELL P1917S,1A1H1P,6ms,IPS,無喇叭,1280*1024,5:4, 四年保,1280*1024 (5:4),D-Sub/HDMI/DP,6毫秒,無,NO,不可,4990
AOPEN 20E0Q,1A1H,6ms,TN,無喇叭,低藍光,不閃爍,1600*900(19.5吋),D-Sub/HDMI,6毫秒,無,NO,可 100x100 mm,1888
華碩 VS207DF,1A,5ms,TN,無喇叭, Splendid 影像智慧技術,1366*768(16:9/19.5吋),D-Sub,5毫秒,無,NO,可 75x75 mm,2242
ACER EK220Q E3,1A1H,IPS,100Hz,無喇叭,抗閃系列,護眼,1920*1080 (21.5 吋),D-Sub*1/HDMI(1.4)*1,1毫秒(VRB),無,NO,可 100x100 mm,FreeSync,1980
ACER EK220Q H3,1A1H,VA,100Hz,無喇叭,抗閃系列,護眼,1920*1080 (21.5 吋),D-Sub*1/HDMI(1.4)*1,1毫秒(VRB),無,NO,可 100x100 mm,FreeSync,1999
ACER KA220Q H,1A1H,VA,100Hz,含喇叭,抗閃系列,護眼,1920*1080 (21.5 吋),D-Sub*1/HDMI(1.4)*1,1毫秒(VRB),有(2W*2),NO,可 100x100 mm,FreeSync,2288
ACER KA222Q H,1A1H,VA,100Hz,含喇叭,抗閃系列,護眼,1920*1080 (21.5 吋),D-Sub*1/HDMI(1.4)*1,1毫秒(VRB),有(2W*2),NO,可 100x100 mm,FreeSync,2388
PHILIPS 221V8A,1A1H,4ms,VA,含喇叭,Adaptive-Sync,低藍光,無閃爍▼下殺到 6,30 23:59,1920*1080 (21.5 吋),D-Sub/HDMI,4毫秒,有(2W*2),NO,可 100x100 mm,附 HDMI 線,2088
PHILIPS 221V8LB,1A1H,4ms,VA,100Hz,無喇叭,Adaptive-Sync,抗閃,護眼,2188
AOC 22B2HM2,1A1H,4ms,VA,100Hz,無喇叭,Adaptive-Sync,淨藍光,不閃屏,1920*1080 (21.5 吋),D-Sub/HDMI(1.4)*1,4毫秒,無,NO,可 100x100 mm,2099
AOC 22B30HM2,1A1H,1ms,VA,100Hz,無喇叭,Adaptive-Sync,淨藍光,抗閃▼下殺到 6,30 23:59,1920*1080 (21.45 吋),D-Sub/HDMI(1.4)*1,1毫秒(MPRT),無,NO,可 100x100 mm,1999
AOPEN 22CV1Q H3,1A1H,1ms,VA,100Hz,無喇叭,淨藍光不閃屏,1920*1080 (21.5 吋),D-Sub/HDMI(1.4),1毫秒(TVR),無,NO,可 100x100 mm,附 HDMI 線,1899
AOPEN 22CL1Q E3,1A1H,1ms,IPS,100Hz,無喇叭,FreeSync,,1920*1080 (21.5 吋),D-Sub/HDMI(1.4),1毫秒(TVR),無,NO,可 100x100 mm,1899
AOPEN 22SA2Q H,1A1H,1ms,VA,100Hz,無喇叭,FreeSync,濾藍光,超薄機身,1920*1080 (21.5 吋),D-Sub/HDMI,1毫秒(TVR),無,NO,可 75x75 mm,附 HDMI 線,2088
MSI PRO MP223,1A1H,1ms,VA,100Hz,無喇叭,抗閃機種,低藍光【優惠洽門市】,1920*1080 (21.45 吋),D-Sub/HDMI,1毫秒(MPRT),無,NO,可 75x75 mm,2288,MSI PRO MP223 優惠參考主機搭購螢幕促銷專區.請洽門市業務
terra 2227WHA,1H1P,6,5ms,VA,含喇叭,抗藍光,不閃屏,高度調整 *尾盤,1920*1080 (21.45 吋),HDMI/DP,6.5毫秒,有(2W*2),NO,可 100x100 mm,2899
ViewSonic VA2215-H,1A1H,5ms,VA,無喇叭,低藍光,不閃頻,1920*1080 (21.5 吋),D-Sub/HDMI,5毫秒,無,NO,可 75x75 mm,2411
DELL SE2222H,1A1H,8ms,VA,無喇叭,低藍光,入門熱銷機種,四年保,1920*1080 (21.5 吋),D-Sub/HDMI*1,8毫秒,無,NO,可 100x100 mm,2732
華碩 VY229HE,1A1H,1ms,IPS,無喇叭,Adaptive-Syn,護眼,抗菌,1920*1080 (21.45 吋),D-Sub/HDMI,1毫秒(MPRT),無,NO,可 100x100 mm,2340
華碩 VY229Q,1H1P,1ms,IPS,含喇叭,Adaptive-Sync,低藍光,不閃屏,休息提醒,抗菌【優惠洽門市】,1920*1080 (21.45 吋),HDMI(1.4)/DP(1.2),1毫秒(MPRT),有(2W*2),NO,可 100x100 mm,2788,華碩 VY229Q 優惠參考主機搭購螢幕促銷專區.請洽門市業務
華碩 VP228HE,1A1H,1ms,TN,含喇叭,低藍光,無閃爍,1920*1080 (21.5 吋),D-Sub/HDMI,1毫秒,有(1.5W*2),NO,可 100x100 mm,2400
Lenovo D24-40,1A1H,4ms,VA無喇叭,FreeSync,低藍光,護眼,1920*1080 (23.8吋),D-Sub/HDMI,4毫秒,無,NO,可 100x100 mm,2388
ACER BR247Y E3,1A1H1P,IPS,100Hz,含喇叭,無反射機種,抗閃系列,護眼,1920*1080 (23.8吋/99% sRGB),D-Sub*1/HDMI(1.4)*1/DP(1.2)*1,4毫秒(GTG),有(2W*2),NO,可 100x100 mm,FreeSync,3988,ACER BR247Y E3 清潔請使用眼鏡布、除塵滾輪清潔。詳情可洽詢ACER服務中心。
ACER EK241Y E,1A1H,IPS,100Hz,無喇叭,抗閃系列【優惠洽門市】,1920*1080 (23.8吋),D-Sub*1/HDMI(1.4)*1,1毫秒(VRB),無,NO,可 100x100 mm,FreeSync,2388,ACER EK241Y E 優惠參考主機搭購螢幕促銷專區.請洽門市業務
ACER QG240Y S3,1H1P,VA,180Hz,無喇叭,原生180Hz電競螢幕,1920*1080 (23.8吋),HDMI(2.0)*1/DP(1.4)*1,1毫秒(VRB),無,NO,不可,FreeSync Premium,3188
ACER HA240Y G0,1A1H,IPS,120Hz,含喇叭,白色,1920*1080 (23.8吋),D-Sub*1/HDMI(1.4)*1,1毫秒(VRB),有(2W*2),NO,不可,Adaptive Sync,2788
ACER SA240Y G0,1A1H,IPS,120Hz,含喇叭,,1920*1080 (23.8吋),D-Sub*1/HDMI(1.4)*1,1毫秒(VRB),有(2W*2),NO,不可,Adaptive Sync,2688
ACER SA241Y H,1A1H,VA,100Hz,含喇叭,抗閃系列,護眼,1920*1080 (23.8吋),D-Sub*1/HDMI(1.4)*1,1毫秒(VRB),有(2W*2),NO,不可,FreeSync,2688
ACER SB242Y E,1A1H,IPS,100Hz,含喇叭,抗閃系列,護眼,1920*1080 (23.8吋),D-Sub*1/HDMI(1.4)*1,1毫秒(VRB),有(1W*2),NO,不可,FreeSync,3288
ACER SH242Y E,1H1C,IPS,100Hz,含喇叭,抗閃系列,護眼,支援PD65W,1920*1080 (23.8吋),HDMI(1.4)*1/USB-C(65W)*1,1毫秒(VRB),有(1W*2),NO,不可,FreeSync,3488
ACER KA240Y H,1A1H,VA,100Hz,含喇叭,抗閃系列,護眼,1920*1080 (23.8吋),D-Sub*1/HDMI(1.4)*1,1毫秒(VRB),有(2W*2),NO,可 100x100 mm,FreeSync,2588
ACER KA242Y E0,1A1H,IPS,100Hz,含喇叭,抗閃系列,護眼,1920*1080 (23.8吋),D-Sub*1/HDMI(1.4)*1,1毫秒(VRB),有(2W*2),NO,可 100x100 mm,FreeSync,2388
ACER KB242Y H,1A1H,VA,100Hz,含喇叭,抗閃系列,護眼【優惠洽門市】,1920*1080 (23.8吋),D-Sub*1/HDMI(1.4)*1,1毫秒(VRB),有(2W*2),NO,可 100x100 mm,FreeSync,2588,ACER KB242Y H 優惠參考主機搭購螢幕促銷專區.請洽門市業務
ACER ED240Q H,1A1H,VA曲面,1500R,100Hz,無喇叭,曲面電競,抗閃系列,護眼,1920*1080 (23.6吋),D-Sub*1/HDMI(1.4)*1,1毫秒(VRB),無,NO,可 100x100 mm,FreeSync Premium,2688
ACER ED240Q S3,2H1P,VA曲面,1500R,180Hz,含喇叭,HDR10,曲面電競,抗閃,護眼,1920*1080 (23.6吋),HDMI(2.0)*2/DP(1.4)*1,1毫秒(VRB),有(2W*2),NO,可 100x100 mm,FreeSync Premium,3588
ACER EI242QR M,2H1P,VA曲面,1200R,170Hz,無喇叭,HDR10,抗閃系列,護眼,1920*1080 (23.6吋),HDMI(1.4)*2/DP(1.2)*1,1毫秒(VRB),無,NO,可 75x75 mm,FreeSync Premium,2999
ACER CB241Y,1H1C,1ms,IPS,含喇叭,FreeSync, 窄邊框螢幕 *尾盤,1920*1080 (23.8吋),HDMI(1.4)*1/USB-C*1,1毫秒(VRB),有(2W*2),NO,不可,3999
ACER CS242Y,3H,14ms,IPS,含喇叭,WiFi5,BT5, 智慧螢幕,升降,1920*1080 (23.8吋),HDMI(1.4)*3,14毫秒(GTG),有(3W*2),NO,可 100x100 mm,附 HDMI 線,5488
ACER VG240Y E,1A2H,1ms,IPS,100Hz,含喇叭,FreeSync, 抗閃系列,1920*1080 (23.8吋),D-Sub/HDMI(1.4)*2,1毫秒(VRB),有(2W*2),NO,可 100x100 mm,附 HDMI 線,2888
ACER VG240Y S3,2H1P,1ms,VA,180Hz,含喇叭,FreeSync Premium,原生180Hz電競,1920*1080 (23.8吋),HDMI(2.0)*2/DP(1.2)*1,1毫秒(VRB),有(2W*2),NO,可 100x100 mm,附 HDMI 線,3380
ACER XV240Y M3,2H1P,0,5ms,IPS,180Hz,含喇叭,FreeSync Premium,HDR10,,1920*1080 (23.8吋),HDMI(2.0)*2/DP(1.2)*1,0.5毫秒(GTG),有(2W*2),NO,可 100x100 mm,3488
ACER XV242 F,2H1P,0,1ms,TN,540Hz,含喇叭,FreeSync Premium,HDR400,,1920*1080 (24.1吋),HDMI(2.0)*2/DP(1.4)*1,"1毫秒 / 0.1毫秒(GTG,Min)",有(2W*2),NO,可 100x100 mm,14999
BenQ BL2490,2H1P,5ms,IPS,100Hz,含喇叭,光智慧2,0技術,不閃屏【優惠洽門市】,1920*1080 (23.8吋),HDMI(1.4)*2/DP(1.2)*1,5毫秒,有(2W*2),NO,可 100x100 mm,3288,BenQ BL2490 優惠參考主機搭購螢幕促銷專區.請洽門市業務
BenQ GW2475H,1A2H,5ms,IPS,無喇叭,不閃屏,低藍光,護眼螢幕,1920*1080 (23.8吋),D-Sub/HDMI(1.4)*2,5毫秒,無,NO,可 100x100 mm,2588
BenQ GW2480 Plus,1A1H1P,5ms,IPS,含喇叭,獨家光智慧技術,玩色模式,1920*1080 (23.8吋),D-Sub/HDMI/DP,5毫秒,有(1W*2),NO,可 100x100 mm,2788
BenQ GW2485TC,1H1P1C,5ms,IPS,含喇叭,光智慧護眼,升降,旋轉,降噪麥克風,USB-C 60W【少量】,1920*1080,HDMI(1.4)*1/DP(1.2)*1/USB(60W)*1,5毫秒,有(2W*2),NO,可 100x100 mm,4688
BenQ GW2490,2H1P,5ms,IPS,100Hz,含喇叭,光智慧2,0技術,Coding模式,電子紙模式,1920*1080,HDMI(1.4)*2/DP(1.2)*1,5毫秒,有(2W*2),NO,可 100x100 mm,3288,〈官網〉買BenQ GW2490 ~登錄抽藍牙無線喇叭(數量有限)活動以官方公告為主 ~7/31止
BenQ GW2490T,2H1P,IPS,100Hz,含喇叭,可升降旋轉,Coding&電子紙模式,光智慧2,0,1920*1080 (23.8吋/99% sRGB),HDMI(1.4)*2/DP(1.2)*1,5毫秒(GTG),有(2W*2),NO,可 100x100 mm,4388,〈官網〉買BenQ GW2490T ~登錄抽藍牙無線喇叭(數量有限)活動以官方公告為主 ~7/31止
ZOWIE XL2411K,3H1P,1ms,TN,144Hz,無喇叭,專業電競螢幕【限量】,1920*1080 (24吋),HDMI(1.4)*2/HDMI(2.0)*1/DP,1毫秒,無,NO,可 100x100 mm,6990
PHILIPS 241V8LB,1A1H,4ms,VA,100Hz,無喇叭,Adaptive-Sync,抗閃系列,低藍光,1920*1080 (23.8吋),D-Sub/HDMI,4毫秒,無,NO,可 100x100 mm,2888
PHILIPS 241V8B,1A1H,4ms,IPS,100Hz,無喇叭,Adaptive-Sync,抗閃系列,低藍光,1920*1080 (23.8吋),D-Sub/HDMI,4毫秒,無,NO,可 100x100 mm,3188
PHILIPS 241V8LAB,1A1H,4ms,VA,100Hz,含喇叭,Adaptive-Sync,抗閃系列,低藍光▼下殺到 6,30 23:59,1920*1080 (23.8吋),D-Sub/HDMI,4毫秒,有(2W*2),NO,可 100x100 mm,2680
PHILIPS 242E1GSJ,1H1P,1ms,VA,144Hz,無喇叭,FreeSync Premium,,1920*1080 (23.8吋),HDMI*1/DP*1,1毫秒,無,NO,可 100x100 mm,附 HDMI 線,3288
PHILIPS Evnia 24M2N3200S,2H1P,IPS,180Hz,含喇叭,HDR10,抗閃系列,低藍光,1920*1080 (23.8吋),HDMI(2.0)*2/DP(1.4)*1,1毫秒(GTG),有(2W*2),NO,可 100x100 mm,4288,【活動】購買 PHILIPS Evnia 24M2N3200S ~加贈 AXGON ARML-1螢幕護眼燈
AOC 24B1XH2,1A1H,4ms,IPS,100Hz,無喇叭,Adaptive-Sync,抗閃機種【少量】,1920*1080 (23.8吋),D-Sub/HDMI (1.4),4毫秒,無,NO,可 75x75mm,2599
AOC 24B2HM2,2H,4ms,VA,100Hz,無喇叭,Adaptive-Sync,淨藍光,不閃屏▼下殺到 6,30 23:59,1920*1080 (23.8吋),HDMI(1.4)*2,4毫秒,無,NO,可 100x100 mm,2350
AOC 24B30HM2,1A1H,1ms,VA,100Hz,無喇叭,Adaptive-Sync,淨藍光,抗閃▼下殺到 6,30 23:59,1920*1080 (23.8吋),D-Sub/HDMI(1.4)*1,1毫秒(MPRT),無,NO,可 100x100 mm,2499
AOC 24B20JH2,1A1H,8ms,IPS,100Hz,無喇叭,Adaptive-Sync,淨藍光,抗閃,1920*1080 (23.8吋),D-Sub/HDMI(1.4)*1,8毫秒,無,NO,可 75x75mm,2699
AOPEN 24CV1Y H,1A1H,1ms,VA,100Hz,無喇叭,FreeSync,低藍光,不閃屏【優惠洽門市】,1920*1080 (23.8吋),D-Sub/HDMI (1.4),1毫秒(TVR),無,NO,可 75x75mm,附 HDMI 線,2288,AOPEN 24CV1Y H 優惠參考主機搭購螢幕促銷專區.請洽門市業務
AOPEN 24CL1Y E,1A1H,1ms,IPS,100Hz,無喇叭,FreeSync,抗閃系列,1920*1080 (23.8吋),D-Sub/HDMI,1毫秒(TVR),無,NO,可 100x100 mm,2280
AOPEN 24HC5QR S3,2H1P,1ms,VA曲面,180Hz,含喇叭,FreeSync Premium,,1920*1080 (23.6吋),HDMI(2.0)*2/DP(1.4)*1,1毫秒(TVR),有(2W*2),NO,可 100x100 mm,3388
DELL SE2422H,1A1H,5ms,VA,無喇叭,FreeSync, 低藍光,入門熱銷機種,四年保,1920*1080 (23.8吋),D-Sub/HDMI,5毫秒,無,NO,可 100x100 mm,3080
DELL S2425HS ,2H,4ms,IPS,100Hz,含喇叭,無亮點,四年保, 可昇降旋轉,1920*1080 (23.8吋/99% sRGB),HDMI(1.4)*2,4毫秒,有(5W*2),四年,可 100x100 mm,6788
DELL U2422H,1H1P,5ms,IPS,無喇叭,可旋轉,傾斜,高低調整,保無亮點,白銀色,四年保,1920*1080 (24吋/100% sRGB),HDMI/DP/USB-C,5毫秒,無,三年,可 100x100 mm,6488
DELL U2424H,1H2P1C,5ms,IPS,120Hz,無喇叭,保亮點,可翻轉,傾斜,左右旋轉,四年保,1920*1080,HDMI(1.4)*1DP(1.4)*2/USB-C/USB 3.2 Gen*2,5毫秒,無,四年,可 100x100 mm,8988,【活動】購買 DELL U2424H ~加贈 DELL SB521A 原廠磁吸式喇叭【送完為止】
DELL U2424HE,1H2P1C,5ms,IPS,120Hz,無喇叭,RJ45,可翻轉,左右旋轉,保亮點,四年保,1920*1080,HDMI(1.4)*1DP(1.4)*2/USB-C/USB 3.2 Gen*3,5毫秒,無,四年,可 100x100 mm,10988
DELL P2422H,1A1H1P,5ms,IPS,無喇叭,保無亮點,可傾斜,左右旋轉,四年保,1920*1080 (23.8吋/99% sRGB),D-Sub/HDMI(1.4)*1/DP(1.2)*1,5毫秒,無,三年,可 100x100 mm,5575
DELL P2422HE,1H1P1C,5ms,IPS,無喇叭,保無亮點,可傾斜,左右旋轉,四年保,1920*1080 (23.8吋/99% sRGB),HDMI(1.4)*1/DP(1.2)*1/USB Type-C 65W,5毫秒,無,三年,可 100x100 mm,6988,【活動】購買 DELL P2422HE ~加贈 DELL SB521A 原廠磁吸式喇叭【送完為止】
【任搭】DELL P2422HE,1H1P1C,5ms,IPS,無喇叭,保無亮點,可傾斜,左右旋轉,四年保,1920*1080 (23.8吋/99% sRGB),HDMI(1.4)*1/DP(1.2)*1/USB Type-C 65W,5毫秒,無,三年,可 100x100 mm,6688,【活動】購買 DELL P2422HE ~加贈 DELL SB521A 原廠磁吸式喇叭【送完為止】
DELL P2424HT,1H1P1C,5ms,IPS,含喇叭,保亮點,觸控顯示器,摺疊式底座,1920*1080 (23.8吋),HDMI*1/DP*1,5毫秒,有(3W),三年,可 100x100 mm,12800
DELL P2425H ,1A1H1P,5ms,IPS,100Hz,無喇叭,無亮點,四年保, 可昇降旋轉,1920*1080 (23.8吋/99% sRGB),D-Sub*1/HDMI(1.4)*1/DP(1.2)*1,5毫秒,無,四年,可 100x100 mm,7288,【活動】購買 DELL P2425H ~加贈 DELL SB521A 原廠磁吸式喇叭【送完為止】
DELL P2425HE ,1H1P1C,5ms,IPS,100Hz,無喇叭,無亮點,四年保, 可昇降旋轉,1920*1080 (23.8吋/99% sRGB),HDMI(1.4)*1/DP(1.4)*1/USB-C*1,5毫秒,無,四年,可 100x100 mm,8288,【活動】購買 DELL P2425HE ~加贈 DELL SB521A 原廠磁吸式喇叭【送完為止】
DELL P2425 ,1A1H1P,5ms,IPS,100Hz,無喇叭,無亮點,四年保, 可昇降旋轉,1920*1200 (24.07吋/99% sRGB),D-Sub*1/HDMI(1.4)*1/DP(1.2)*1,5毫秒,無,四年,可 100x100 mm,7988,【活動】購買 DELL P2425 ~加贈 DELL SB521A 原廠磁吸式喇叭【送完為止】
DELL P2425E ,1H2P1C,5ms,IPS,100Hz,無喇叭,無亮點,四年保, RJ45,可昇降旋轉,1920*1200 (24.07吋/99% sRGB),HDMI(1.4)*1/DP(1.4)*2/USB-C 90W*1,5毫秒,無,四年,可 100x100 mm,9688,【活動】購買 DELL P2425E ~加贈 DELL SB521A 原廠磁吸式喇叭【送完為止】
LG 24MQ400-B ,1A1H,5ms,IPS,無喇叭,FreeSync,護眼電競螢幕【優惠洽門市】,1920*1080 (23.8吋),D-Sub/HDMI,5毫秒,無,NO,可 75x75 mm,附 HDMI 線,2688,LG 24MQ400-B 優惠參考主機搭購螢幕促銷專區.請洽門市業務
MSI PRO MP2412,1H1P,1ms,VA,100Hz,無喇叭,抗閃機種,低藍光,防眩光【優惠洽門市】,1920*1080 (23.8吋),HDMI(1.4b)*1/DP(1.2a)*1,1毫秒(MPRT),無,NO,可 75x75 mm,2588,MSI PRO MP2412 優惠參考主機搭購螢幕促銷專區.請洽門市業務
【主機搭購】MSI PRO MP2412,1H1P,1ms,VA,100Hz,無喇叭,抗閃機種,低藍光,防眩光 ,2688,1920*1080 (23.8吋),HDMI(1.4b)*1/DP(1.2a)*1,1毫秒(MPRT),無,NO,可 75x75 mm,2388
MSI PRO MP242C,1A1H,5ms,VA曲面,含喇叭,防閃屏技術,低藍光▼下殺到 6,23 23:59,1920*1080 (1500R),D-Sub/HDMI,5毫秒,有(2W*2),NO,可 100x100 mm,2588
MSI PRO MP242A,1A1H1P,1ms,IPS,100Hz,含喇叭,抗閃機種,護眼機種【優惠洽門市】,1920*1080 (23.8吋),D-Sub/HDMI/DP,1毫秒(MPRT),有(2W*2),NO,可 100x100 mm,2988,MSI PRO MP242A 優惠參考主機搭購螢幕促銷專區.請洽門市業務
MSI PRO MP242AP,1A1H1P,1ms,IPS,100Hz,含喇叭,抗閃機種,可昇降,翻轉,1920*1080 (23.8吋),D-Sub/HDMI(1.4b)/DP(1.2a),1毫秒(MPRT),有(2W*2),NO,可 100x100 mm,3488
MSI PRO MP243XW,1H1P,1ms,IPS,100Hz,含喇叭,低藍光,抗閃機種,1920*1080 (23.8吋),HDMI(1.4b)/DP(1.2a),1毫秒(MPRT),有(3W*2),NO,可 75x75 mm,2988
MSI PRO MP243XP,1H1P,5ms,IPS,100Hz,含喇叭,低藍光,可翻轉,抗閃機種,1920*1080 (23.8吋),HDMI(1.4)/DP(1.2a),1毫秒(MPRT),有(3W*2),NO,可 75x75 mm,3288
MSI Modern MD2412PW,1H1C,IPS,100Hz,含喇叭,白色,抗閃,可升降垂直旋轉,1920*1080 (23.8吋),HDMI(1.4)*1/USB-C*1,1毫秒(MPRT),3W*2,NO,75x75 mm,3588
MSI G2422C,2H1P,VA曲面,1500R,180Hz,窄邊框,不閃屏,低藍光,1920*1080 (108% sRGB),HDMI(2.0)*2/DP(1.2)*1,1毫秒(MPRT),無,NO,可 75x75 mm,Adaptive sync,3390
MSI G244F E2,2H1P,IPS,180Hz,窄邊框,不閃屏,低藍光,夜視黑平衡功能,1920*1080 (23.8吋/88% DCI-P3),HDMI(2.0)*2/DP(1.2)*1,1毫秒(GTG),無,NO,可 75x75 mm,Adaptive-Sync,3990
MSI G245CV,1H1P,VA曲面,1500R,100Hz,夜視黑平衡功能,1920*1080 (23.6吋/87.66% DCI-P3),HDMI(1.4)*1/DP(1.2)*1,1毫秒(MPRT),無,NO,可 100x100 mm,Adaptive sync,3290
MSI G24C4 E2,2H1P,VA曲面,1500R,180Hz,不閃屏,低藍光,夜視黑平衡功能,1920*1080 (23.6吋/89% DCI-P3),HDMI(2.0)*2/DP(1.2)*1,1毫秒(MPRT),無,NO,可 100x100 mm,Adaptive sync,3690,【活動】買 G24C4 E2 ~加送 MSI Clutch GM20 ELITE電競滑鼠 *價值$1190元
terra 2427W V2,1H1P1C,8ms,VA,100Hz,含喇叭, 抗藍光,不閃屏,1920*1080 (23.8吋),HDMI/DP/USB-C,8毫秒,有(2W*2),NO,可 100x100 mm,2199
terra 2427W HA,1H1P,6ms,VA,含喇叭, 抗藍光,不閃屏,高度調整,1920*1080 (23.8吋),HDMI/DP,6毫秒,有(2W*2),NO,可 100x100 mm,3399
terra 2442W,1A1H,5ms,IPS,100Hz,含喇叭,Adaptive-Sync,抗藍光,不閃屏,1920*1080 (23.8吋),D-Sub/HDMI,5毫秒,有(3W*2),NO,可 100x100 mm,2299
terra 2463W,1H1P,5ms,IPS,含喇叭, 德國品質 *尾盤,1920*1080 (23.8吋),HDMI/DP,5毫秒,有(2W*2),NO,可 100x100 mm,2188
ViewSonic TD2455,1H1P1C,IPS,含喇叭,電容式10點觸控螢幕,1920*1080 (23.8吋),HDMI(1.4)*1/DP(1.2)*1/USB-C*1,6毫秒(GTG),有(2W*2),NO,可 100x100 mm,11888
ViewSonic VA2406-H,1A1H,4ms,VA,無喇叭,零閃屏技術,抗藍光技術,1920*1080 (23.8吋),D-Sub/HDMI,4毫秒,無,NO,可 100x100 mm,2588
ViewSonic VA2406-MH,1A1H,4ms,VA,含喇叭,零閃屏技術,抗藍光技術,1920*1080 (23.8吋),D-Sub/HDMI,4毫秒,有(2W*2),NO,可 100x100 mm,2588
ViewSonic VA2432-H-W,1A1H,1ms,IPS,100Hz,無喇叭,零閃屏技術,抗藍光技術,白色,1920*1080 (23.8吋),D-Sub/HDMI,1毫秒,無,NO,可 75x75 mm,附 HDMI 線,2988
ViewSonic VA2432-MHD-100HZ,1A1H1P,IPS,100Hz,含喇叭,零閃屏技術,抗藍光技術【優惠洽門市】,1920*1080 (23.8吋),D-Sub*1/HDMI(1.4)*1/DP(1.2)*1,4毫秒(GTG),有(2W*2),NO,可 75x75 mm,3288,ViewSonic VA2432-MHD-100HZ 優惠參考主機搭購螢幕促銷專區.請洽門市業務
ViewSonic VG2448,1A1H1P,5ms,IPS,含喇叭,可傾斜、翻轉、調整高度,保亮點,1920*1080 (23.8吋),D-Sub/HDMI(1.4)/DP(1.2)/USB3.0 *4,5毫秒,有(2W*2),一年,可 100x100 mm,4488
ViewSonic VX2479-HD-PRO,2H1P,1ms,IPS,165Hz,無喇叭,Adaptive-Sync,保亮點,1920*1080 (23.8吋),HDMI(2.0)*2/DP,1毫秒,無,一年,可 100x100 mm,3288
ViewSonic VX2428J,2H1P,0,5ms,IPS,180Hz,含喇叭,FreeSync Premium,可升降,翻轉,1920*1080 (23.8吋),HDMI(1.4)*2/DP*1,0.5毫秒(MPRT),有(2W*2),一年,可 100x100 mm,4988
ViewSonic VX2485-MHU,1A1H1C,5ms,IPS,含喇叭,FreeSync, 保無亮點 *尾盤,1920*1080 (23.8吋/102% sRGB),D-Sub/HDMI(1.4)/USB-C,5毫秒,有(3W*2),一年,可 100x100 mm,4988
ViewSonic VX2476-smhd,1A1H1P,4ms,IPS,含喇叭,無邊框,金屬銀光三角立座,保無亮點,1920*1080,D-Sub/HDMI/DP,4毫秒,有(3W*2),一年,不可,4788
【任搭】ViewSonic VX2476-smhd,1A1H1P,4ms,IPS,含喇叭,無邊框,金屬銀光三角立座,保無亮點,1920*1080,D-Sub/HDMI/DP,4毫秒,有(3W*2),一年,不可,4588
三星 S3 S24C310EAC,1A1H,IPS,窄邊框,低藍光,零閃屏,1920*1080,D-Sub*1/HDMI(1.4)*1,5毫秒(GTG),無,NO,可 100x100 mm,FreeSync,2690
三星 S3 S24C366EAC,1A1H,VA曲面,1800R,低藍光,零閃屏,1920*1080,D-Sub*1/HDMI(1.4)*1,4毫秒(GTG),無,NO,可 75x75 mm,FreeSync,2990
EIZO FlexScan EV2460,1A1D1H1P,5ms,IPS,含喇叭,日本製【限量】,1920*1080 (23.8吋),D-Sub/DVI/HDMI/DP,5毫秒,有(1W*2),NO,可 100x100 mm,11900
EIZO FlexScan EV2480,1H1P1C,5ms,IPS,含喇叭,日本製,僅附USB-C,訊號線,【限量】,1920*1080 (23.8吋),HDMI(1.4)*1/DP*1/USB-C,5毫秒,有(1W*2),NO,可 100x100 mm,13900
華碩 VA24EHF,1H,1ms,IPS,100Hz,無喇叭,Adaptive-Sync,抗閃機種,護眼電競顯示器,1920*1080 (23.8吋),HDMI(1.4)*1,1毫秒(MPRT),無,NO,可 100x100 mm,2640
華碩 VA24DQF,1H1P,1ms,IPS,100Hz,含喇叭,Adaptive-Sync,抗閃機種,1920*1080 (23.8吋),HDMI(1.4)*1/DP(1.2)*1,1毫秒(MPRT),有(2W*2),NO,可 100x100 mm,2900
華碩 VA24EHFR,1A1H,1ms,IPS,100Hz,無喇叭,Adaptive-Sync,抗閃機種,1920*1080 (23.8吋),D-Sub/HDMI(1.4)*1,1毫秒(MPRT),無,NO,可 100x100 mm,2888
華碩 VZ24EHF,1H,1ms,IPS,100Hz,無喇叭,Adaptive-Sync,抗閃機種,1920*1080 (23.8吋),HDMI(1.4)*1,1毫秒(MPRT),無,NO,可 75x75 mm,2788
華碩 VZ249HE,1A1H,5ms,IPS,無喇叭,日晷系列超薄無邊,低藍光,不閃屏,1920*1080 (23.8吋),D-Sub/HDMI,5毫秒,無,NO,不可,2580
華碩 VZ249H,1A1H,5ms,IPS,含喇叭,日晷系列超薄無邊框,低藍光,不閃屏-金框,1920*1080 (23.8吋),D-Sub/HDMI,5毫秒,有(1.5W*2),NO,不可,3518
華碩 VZ249H-W,白,1A1H,5ms,IPS,含喇叭,日晷系列超薄無邊框,低藍光,不閃屏,1920*1080 (23.8吋),D-Sub/HDMI,5毫秒,有(1.5W*2),NO,不可,3419
華碩 VU249CFE-B,1H1C,1ms,IPS,100Hz,無喇叭,Adaptive-Sync,USB-C 15W,護眼,1920*1080 (23.8吋),HDMI(1.4)*1/USB-C 15W*1,1毫秒(MPRT),無,NO,可 75x75 mm,3988
華碩 VU249CFE-M,1H1C,1ms,IPS,100Hz,無喇叭,Adaptive-Sync,USB-C 15W,燕麥奶色,1920*1080 (23.8吋),HDMI(1.4)*1/USB-C 15W*1,1毫秒(MPRT),無,NO,可 75x75 mm,3990
華碩 VG249Q3A,TUF,2H1P,IPS,180Hz,含喇叭,FreeSync Premium,ELMB 技術,1920*1080 (23.8吋),3738
華碩 VG249QM1A,TUF,2H1P,1ms,Fast IPS,270Hz,含喇叭,Freesync Premium,G-SYNC兼容,1920*1080 (23.8吋),HDMI(2.0)*2/DP(1.2),1毫秒(GTG),有(2W*2),NO,可 100x100 mm,5988
華碩 PA248QV,1A1H1P,5ms,IPS,含喇叭,16:10,專業校色繪圖螢幕,保無亮點,1920*1200 (24.1吋)100% sRGB/色準(ΔE < 2),D-Sub/HDMI(1.4)/DP(1.2),5毫秒,有(2W*2),三年,可 100x100 mm,5918
華碩 PA247CV,1H2P,5ms,IPS,含喇叭,,Delta E值小於2,人體工學支架,專業繪圖,保無亮點,1920*1080 (23.8吋),HDMI(1.4)*1/DP(1.2)*2/USB-C,5毫秒,有(2W*2),三年,可 100x100 mm,5950
華碩 PG248QP,2H1P,0,2ms,TN,540Hz,無喇叭,HDR400,G-Sync ULMB 2技術,1920*1080 (24.1吋),HDMI(2.0)*2/DP(1.4 DSC)*1,0.2毫秒(GTG),無,一年,可 100x100 mm,27888
ACER VG240YU E,2H1P,1ms,IPS,100Hz,含喇叭,FreeSync,HDR10,,2560*1440 (23.8吋),HDMI(2.0)*2/DP(1.2)*1,1毫秒(VRB),有(2W*2),NO,可 100x100 mm,4488
DELL P2423DE,1H1P1C,5ms,IPS,無喇叭,保無亮點,可高低調整,旋轉,傾斜,四年保,2560*1440 (24吋),HDMI(1.4)*1/DP(1.4)*1/USB-C,5毫秒,無,四年,可 100x100 mm,10584
三星 S6 S24A600NAC,1H1P,IPS,HDR10,低藍光,可升降旋轉,2560*1440 (99% sRGB),HDMI(1.4)*1/DP(1.2)*1,5毫秒,無,NO,可 75x75 mm,FreeSync,4990
華碩 PA24ACRV,1H2P1C,5ms,IPS,含喇叭,HDR400,,Delta E值小於2,人體工學支架,2560*1440 (23.8吋),HDMI(2.0)*1/DP(1.4)*2/USB-C(DP Alt Mode)*1,5毫秒,有(2W*2),三年,可 100x100mm,8809
BenQ RD240Q,1H1P1C,5ms,IPS,含喇叭,人體工學支架,獨家Coding模式,PD90W菊鍊功能,2560*1600 (24.1吋),HDMI(2.0)*1/DP(1.4)*1/USB-C(PD90W)*1,5毫秒,有(2W*2),NO,可 100x100mm,10888,"BenQ RD240Q是市場唯一軟體工程師專用顯示器,夜間守護模式適合全暗房環境下使用"
華碩 PA24US,2H1P1C,5ms,IPS,含喇叭,HDR10,人體工學支架,支援12G-SDI連接,3840*2160(23.6吋),HDMI(2.0)*2/DP(1.4)*1/USB-C*1/12G-SDI*1,5毫秒(GTG),有(2W*2),三年,可 100x100mm,39888
ACER KA252Q E0,1A1H,1ms,IPS,100Hz,無喇叭,FreeSync,抗閃系列,1920*1080 (24.5吋),D-Sub/HDMI(1.4),1毫秒(VRB),無,NO,可 100x100mm,2488,ACER KA252Q E0 新導入的底座與支架設計
ACER VG252Q M3,2H1P,1ms,IPS,180Hz,含喇叭,FreeSync Premium,HDR400,,1920*1080 (24.5吋),HDMI(2.0)*2/DP(1.2),1毫秒(VRB),有(2W*2),NO,可 100x100mm,3618
ACER VG252Q Z,2H1P,IPS,280Hz,含喇叭,,1920*1080 (24.5吋/99% sRGB),HDMI(2.0)*2/DP(1.2)*1,1毫秒(GTG),有(2W*2),NO,可 100x100mm,FreeSync Premium,5999
BenQ MOBIUZ EX2510S,2H1P,IPS,1ms,165Hz,含喇叭,FreeSync Premium,,1920*1080 (24.5吋/99% sRGB),HDMI(2.0)*2/DP(1.2)*1,1 毫秒(MPRT),有(2.5W*2),NO,可 100x100mm,5788
ZOWIE XL2540K,3H1P,TN,240Hz,無喇叭,專業電競顯示器,1920*1080 (24.5吋),HDMI(2.0)*3/DP(1.2)*1,無,NO,可 100x100mm,8940
ZOWIE XL2546X,2H1P,TN,240Hz,無喇叭,DyAc 2技術,Setting to share自動切換色彩模式,1920*1080 (24.5吋),HDMI(2.0)*2/DP(1.2)*1,無,NO,可 100x100mm,16690
ZOWIE XL2566K,2H1P,TN,360Hz,無喇叭,DyAc+ 動態精準技術,1920*1080 (24.5吋),HDMI(2.0)*2/DP(1.4)*1,無,NO,可 100x100mm,17900
ZOWIE XL2586X,3H1P,TN,540Hz,無喇叭,DyAc 2技術,Setting to share自動切換色彩模式,1920*1080 (24.1吋),HDMI(2.1)*3/DP(1.4)*1,無,NO,可 100x100mm,33490,ZOWIE XL2586X 540Hz 刷新率.Win11 需更新最新版本.2023/11/1前的版本不相容540Hz
DELL Alienware AW2523HF,2H1P,0,5ms,Fast IPS,360Hz,無喇叭,FreeSync Premium,保亮點,四年保,1920*1080 (24.5吋),HDMI*2/DP(1.4)*1,1毫秒/ 0.5毫秒(Min),無,四年,可 100x100mm,9789
MSI PRO MP251,1A1H,1ms,IPS,100Hz,含喇叭,抗閃機種,護眼提醒設計,1920*1080 (24.5吋),D-SUB*1/HDMI(1.4b)*1,1 毫秒(MPRT),有(2W*2),NO,可 100x100mm,2888
MSI G255F,2H1P,IPS,180Hz,窄邊框,不閃屏,低藍光,夜視黑平衡功能,1920*1080 (24.5吋/99% sRGB),HDMI(2.0)*2/DP(1.2)*1,1毫秒(GTG),無,NO,可 100x100mm,Adaptive-Sync,3990
華碩 VG259Q3A,TUF,2H1P,1ms,IPS,180Hz,含喇叭,FreeSync,,1920*1080 (24.5吋/99% sRGB),HDMI(2.0)*2/DP(1.2)*1,1毫秒(GTG),有(2W*2),NO,可 100x100mm,3990
華碩 VG259QM,TUF,2H1P,1ms,IPS,280Hz,含喇叭,FreeSync,HDR400,,1920*1080 (24.5吋),HDMI(2.0)*2/DP(1.2)*1,1毫秒,有(2W*2),NO,可 100x100mm,6920
華碩 XG259QNS-W,ROG,2H1P,1ms,IPS,380Hz,無喇叭,FreeSync Premium,HDR400, 白色,1920*1080 (24.5吋),HDMI(2.0)*2/DP(1.4)*1,1毫秒,無,一年,可 100x100mm,11888
BenQ PD2500Q,1H1P1MP,4ms,IPS,含喇叭,2K*1440 16:9,專業設計用,2560*1440,HDMI/mDP/DP/DP-OUT,4毫秒,有(2W*2),NO,不可,5988
BenQ PD2506Q,1H1P1C,5ms,IPS,含喇叭,HDR400,可昇降,翻轉,獨家AQCOLOR調教技術【少量】,2560*1440 (95% DCI-P3),HDMI(2.0)*1/DP(1.4)*1/USB-C(65W)*1,5毫秒(GTG),有(2.5W*2),NO,可 100x100 mm,13788
ACER BR277 E3,1A1H1P,4ms,IPS,100Hz,含喇叭,FreeSync,抗閃系列,商用無反射機種,1920*1080,D-Sub/HDMI(1.4)*1/DP(1.2)*1,4毫秒,有(2W*2),NO,可 100x100 mm,4688,ACER BR277 E3 清潔請使用眼鏡布、除塵滾輪清潔。詳情可洽詢ACER服務中心。
ACER CB271,1H1C,1ms,IPS,含喇叭,FreeSync,Delta E值小於1,支援PD 65W,1920*1080 (99% sRGB),HDMI/USB-C(65W),1毫秒(VRB),有(2W*2),NO,不可,3999
ACER EK271 E,1A1H,1ms,IPS,100Hz,無喇叭,,FreeSync,抗閃系列,1920*1080,D-Sub/HDMI(1.4),1毫秒(VRB),無,NO,可 100x100 mm,2688
ACER KA270 H,1A1H,1ms,VA,100Hz,含喇叭FreeSync,抗閃系列,窄邊框,1920*1080,D-Sub/HDMI(1.4),1毫秒(VRB),有(2W*2),NO,可 100x100 mm,附 HDMI 線,2999
ACER KA272 E0,1A1H,1ms,IPS,100Hz,含喇叭,,FreeSync,抗閃系列【優惠洽門市】,1920*1080,D-Sub/HDMI(1.4),1毫秒(VRB),有(2W*2),NO,可 100x100 mm,2999,ACER KA272 E0 優惠參考主機搭購螢幕促銷專區.請洽門市業務
ACER K273 E,1A1H,1ms,IPS,100Hz,含喇叭,FreeSync,抗閃系列,窄邊框,1920*1080,D-Sub/HDMI(1.4),1毫秒(VRB),有(2W*2),NO,可 100x100 mm,附 HDMI 線,3888
ACER RS272,1A1H,1ms,IPS,100Hz,含喇叭,FreeSync,抗閃系列,薄邊框,1920*1080,D-Sub/HDMI(1.4),1毫秒(VRB),有(2W*2),NO,不可,3488
ACER R272 H,1A1H,1ms,VA,100Hz,含喇叭,FreeSync,抗閃系列,薄邊框,1920*1080,D-Sub/HDMI(1.4),1毫秒(VRB),有(2W*2),NO,不可,附 HDMI 線,3999
ACER SA272 E,1A1H,1ms,IPS,100Hz,FreeSync,抗閃系列,白色,1920*1080,D-Sub/HDMI(1.4),1毫秒(VRB),有(1W*2),NO,可 75x75 mm,附 HDMI 線,3099
ACER SB272 E,1A1H,1ms,IPS,100Hz,FreeSync,不閃屏,低藍光,1920*1080,D-Sub/HDMI(1.4),1毫秒(VRB),有(1W*2),NO,可 75x75 mm,附 HDMI 線,3488
ACER SH272 E,1H1C,1ms,IPS,100Hz,FreeSync,抗閃系列,支援PD65W,1920*1080,HDMI(1.4)/USB-C(PD 65W)*1,1毫秒(VRB),有(1W*2),NO,不可,4288
ACER QG270 S3,1H1P,1ms,VA,180Hz,無喇叭,FreeSync Premium,原生180Hz電競,1920*1080,HDMI(2.0)*1/DP(1.4)*1,1毫秒(VRB),無,NO,不可,附 HDMI 線,3888
ACER ED270R S3,2H1P,1ms,VA曲面,180Hz,含喇叭,FreeSync Premium,原生180Hz,1920*1080 (1500R),HDMI(2.0)*2/DP(1.2)*1,1毫秒(VRB),有(2W*2),NO,可 75x75 mm,3688
ACER ED270 X2,2H1P,VA曲面,1500R,240Hz,含喇叭,,1920*1080 (1500R),HDMI(2.0)*2/DP(1.4)*1,1毫秒(VRB),有(2W*2),NO,可 75x75 mm,FreeSync Premium,4488
ACER ED273 H,1A2H,1ms,VA曲面,100Hz,含喇叭,FreeSync,不閃屏,濾藍光,1920*1080,D-Sub/HDMI(1.4)*2,1毫秒(VRB),有(2W*2),NO,可 75x75 mm,3888
ACER VG270 E,1A2H,1ms,IPS,100Hz,含喇叭,FreeSync,抗閃系列,窄邊框,1920*1080,D-Sub/HDMI(1.4)*2,1毫秒(VRB),有(2W*2),NO,可 100x100 mm,附 HDMI 線,3288
ACER VG270 S3,2H1P,0,5ms,VA,180Hz,含喇叭,FreeSync Premium,原生180Hz電競,1920*1080,HDMI(2.0)*1/DP(1.2)*1,1毫秒/ 0.5毫秒(Min),有(2W*2),NO,可 100x100 mm,附 HDMI 線,4288
ACER VG271 Z,2H1P,IPS,280Hz,含喇叭,HDR400,抗閃系列,濾藍光,1920*1080,HDMI(2.0)*1/DP(1.4)*1,1毫秒(GTG)/0.5毫秒(GTG)Min.,有(2W*2),NO,可 100x100 mm,FreeSync Premium,6188
BenQ BL2790 ,1A1H1P,5ms,IPS,含喇叭, 光智慧2,0技術,不閃屏【優惠洽門市】,1920*1080,HDMI(1.4)*2/DP(1.2)*1,5毫秒,有(2W*2),NO,可 100x100 mm,4188,BenQ BL2790 優惠參考主機搭購螢幕促銷專區.請洽門市業務
BenQ GW2785TC,1H1P1C,5ms,IPS,含喇叭,護眼,升降,旋轉,降噪麥克風,USB-C 60W,1920*1080,HDMI(1.4)*1/DP(1.2)*1/USB-C(60W)*1,5毫秒,有(2W*2),NO,可 100x100 mm,5688
BenQ GW2790,2H1P,5ms,IPS,100Hz,含喇叭,光智慧2,0技術,Coding模式,電子紙模式,1920*1080,HDMI(1.4)*2/DP(1.2)*1,5毫秒,有(2W*2),NO,可 100x100 mm,4188,〈官網〉買BenQ GW2790 ~登錄抽藍牙無線喇叭(數量有限)活動以官方公告為主 ~7/31止
BenQ GW2790T,2H1P,IPS,100Hz,含喇叭,可升降旋轉,Coding&電子紙模式,光智慧2,0,1920*1080 (99% sRGB),HDMI(1.4)*2/DP(1.2)*1,5毫秒(GTG),有(2W*2),NO,可 100x100 mm,5288,〈官網〉買BenQ GW2790T ~登錄抽藍牙無線喇叭(數量有限)活動以官方公告為主 ~7/31止
BenQ MOBIUZ EX2710S,2H1P,IPS,165Hz,含喇叭,FreeSync Premium,HDR10,,1920*1080 (99% sRGB),HDMI(2.0)*2/DP(1.2)*1,1 毫秒(MPRT),有(2.5W*2),NO,可 100x100 mm,5788
ZOWIE XL2746K,3H1P,TN,240Hz,無喇叭,DyAc技術,電競顯示器,1920*1080,HDMI(2.0)*3/DP(1.2)*1,無,NO,可 100x100 mm,17490
PHILIPS 271V8LB,1A1H,4ms,VA,100Hz,無喇叭,Adaptive-Sync,抗閃系列,低藍光▼下殺到 6,30 23:59,1920*1080,D-Sub/HDMI,4毫秒,無,NO,可 100x100 mm,2788
PHILIPS 271V8B,1A1H,4ms,IPS,100Hz,無喇叭,Adaptive-Sync,抗閃系列,低藍光,1920*1080,D-Sub/HDMI,4毫秒,無,NO,可 100x100 mm,3688
PHILIPS 271V8LAB,1A1H,4ms,VA,100Hz,含喇叭,Adaptive-Sync,抗閃系列,低藍光▼下殺到 6,30 23:59,1920*1080,D-Sub/HDMI,4毫秒,有(2W*2),NO,可 100x100 mm,2980
PHILIPS Evnia 27M1N3200Z,2H1P,1ms,IPS,165Hz,無喇叭,FreeSync Premium,▼下殺到 6,30 23:59,1920*1080 (90.4% Adobe RGB),HDMI(2.0)*2/DP(1.2)*1,1 毫秒(MPRT),無,NO,可 100x100 mm,附 HDMI 線,4288,【活動】買PHILIPS Evnia 27M1N3200Z ~送 SOTHING 向物櫃體除濕器 *價值$690元
AOC 27B2HM2,2H,4ms,VA,100Hz,無喇叭,Adaptive-Sync,抗閃機種,三邊窄邊框▼下殺到 6,30 23:59,1920*1080,HDMI*2,4毫秒,無,NO,可 100x100 mm,2599
AOC 27B1H2,1A1H,4ms,100Hz,IPS,無喇叭,抗閃機種,三邊窄邊框,低藍光,不閃屏,1920*1080,D-Sub/HDMI(1.4)*1,4毫秒,無,NO,可 75x75 mm,2899
AOC 27G15N,1H1P,1ms,VA,180Hz,無喇叭,Adaptive-Sync,電競顯示器,1920*1080,HDMI(2.0)*1DP(1.4)*1,1毫秒,無,NO,可 100x100 mm,3999
AOC 27G4,2H1P,1ms,IPS,180Hz,無喇叭,Adaptive-Sync,可翻轉,電競顯示器,1920*1080 (27吋),HDMI(2.0)*1DP(1.4)*1,1毫秒,無,NO,可 100x100 mm,4899
AOPEN 27CL1 E,1A1H,1ms,IPS,100Hz,無喇叭,FreeSync,低藍光,抗閃系列,1920*1080,D-Sub*/HDMI*1,1毫秒(TVR),無,NO,可 100x100 mm,2688
AOPEN 27SB2 H,1A1H,1ms,VA,100Hz,含喇叭,FreeSync,抗閃系列,1920*1080,D-Sub*/HDMI*1,1毫秒(TVR),有(1W*2),NO,可 75x75 mm,附 HDMI 線,3180
AOPEN 27KG3 M3,1H1P,1ms,IPS,180Hz,無喇叭,FreeSync Premium, 超薄機身,1920*1080,HDMI(2.0)/DP(1.4),1毫秒(TVR),無,NO,可 75x75 mm,3788
AOPEN 27HC5R,1A2H,1ms,VA曲面,含喇叭,FreeSync, 入門款曲面螢幕,1920*1080(1500R),D-Sub/HDMI*2,1毫秒(TVR),有(2W*2),NO,可 75x75 mm,附 HDMI 線,3188
AOPEN 27HC5R S3,2H1P,1ms,VA,180Hz,含喇叭,FreeSync Premium,,1920*1080(1500R),HDMI(2.0)*2/DP(1.4)*1,1毫秒(TVR),有(2W*2),NO,可 75x75 mm,3999
AOPEN 27HC5R X2,2H1P,VA曲面,1500R,240Hz,含喇叭,,1920*1080 (1500R),HDMI(2.0)*2/DP(1.4)*1,1毫秒(TVR),有(2W*2),NO,可 75x75 mm,附 HDMI 線,FreeSync Premium,4288
DELL SE2722H,1A1H,4ms,VA,無喇叭,FreeSync,低藍光,入門熱銷機種,四年保,1920*1080,D-Sub/HDMI,4毫秒,無,NO,可 100x100 mm,3780
DELL S2725HS ,2H,4ms,IPS,100Hz,含喇叭,無亮點,四年保, 可昇降旋轉,1920*1080 (99% sRGB),HDMI(1.4)*2,4毫秒,有(5W*2),四年,可 100x100 mm,7988,【活動】購買 DELL S2725HS ~加贈 威剛 P10000QCD 行動電源(黑)【送完為止】
DELL P2722H,1A1H1P,5ms,IPS,無喇叭,保亮點,可傾斜,左右旋轉,四年保,1920*1080,D-Sub/HDMI(1.4)*1/DP(1.2)*1,5毫秒,無,四年,可 100x100 mm,7788
DELL P2725H ,1A1H1P,5ms,IPS,100Hz,無喇叭,無亮點,四年保, 可昇降旋轉,1920*1080 (99% sRGB),D-Sub/HDMI(1.4)*1/DP(1.2)*1,5毫秒,無,四年,可 100x100 mm,8288,【活動】購買 DELL P2725H ~加贈 DELL SB521A 原廠磁吸式喇叭【送完為止】
LG 27MQ400-B,1A1H,5ms,IPS,無喇叭,FreeSync,護眼電競螢幕,1920*1080,D-Sub/HDMI,5毫秒,無,NO,可 75x75 mm,3288
MSI PRO MP273A,1A1H1P,1ms,IPS,100Hz,含喇叭,低藍光,抗閃系列▼下殺到 6,17 23:59,1920*1080(106% sRGB),D-Sub/HDMI(1.4b)/DP(1.2a),1毫秒(MPRT),有(3W*2),NO,可 75x75 mm,3188
MSI MP275,1A1H,1ms,IPS,100Hz,含喇叭,抗閃系列,1920*1080,D-Sub/HDMI(1.4b),1毫秒(MPRT),有(2W*2),NO,可 100x100 mm,3288,MSI MP275 優惠參考主機搭購螢幕促銷專區.請洽門市業務
MSI MP275P,1A1H,1ms,IPS,100Hz,含喇叭,抗閃系列,可昇降,翻轉,1920*1080,D-Sub/HDMI(1.4b),1毫秒(MPRT),有(2W*2),NO,可 100x100 mm,3688
MSI Modern MD272XP,1H1P1C,1ms,IPS,100Hz,含喇叭,抗閃機種,1920*1080,HDMI(1.4b)*1/DP(1.2a)/USB-C(DP Alt mode)65W*1,1毫秒(MPRT)/4毫秒(GTG),有(3W*2),NO,可 75x75 mm,4388
MSI Modern MD272XPW,1H1P1C,1ms,IPS,100Hz,含喇叭,抗閃機種 ,白色,1920*1080,HDMI(1.4b)*1/DP(1.2a)/USB-C(DP Alt mode)65W*1,1毫秒(MPRT)/4毫秒(GTG),有(3W*2),NO,可 75x75 mm,4388
MSI G2712V,1H1P,IPS,100Hz,窄邊框,不閃屏,低藍光,夜視黑平衡功能,1920*1080 (84% DCI-P3),HDMI(1.4)*1/DP(1.2)*1,1毫秒(MPRT),無,NO,可 100x100 mm,Adaptive sync,4299
MSI G2712F,2H1P,IPS,180Hz,窄邊框,不閃屏,低藍光,夜視黑平衡功能,1920*1080 (96% sRGB),HDMI(2.0)*2/DP(1.2)*1,1毫秒(GTG),無,NO,可 100x100 mm,Adaptive-Sync,4390
MSI G274F,2H1P,IPS,180Hz,窄邊框,不閃屏,低藍光,夜視黑平衡功能,1920*1080 (98% DCI-P3),HDMI(2.0)*2/DP(1.2)*1,1毫秒(GTG),無,NO,可 75x75 mm,G-sync compatible,4980
MSI G27C3F,2H1P,VA曲面,1500R,180Hz,不閃屏,低藍光,電競曲面螢幕,1920*1080 (92% DCI-P3),HDMI(2.0)*2/DP(1.2)*1,1毫秒(GTG),無,NO,可 75x75 mm,FreeSync Premium,4290,"【活動】""買2台"" G27C3F 螢幕，加贈 微星Ergo Flex雙螢幕支架 ~價值$2590元"
MSI G27C4X,2H1P,VA曲面,1500R,250Hz,護眼低藍光,電競曲面螢幕,1920*1080 (89% DCI-P3),HDMI(2.0)*2/DP(1.2)*1,1毫秒(MPRT),無,NO,可 100x100 mm,FreeSync Premium,5090
MSI MAG 27C6PF,2H1P,VA曲面,1500R,180Hz,電競曲面螢幕,可升降,1920*1080 (93% sRGB),HDMI(2.0)*2/DP(1.2)*1,0.5毫秒(GTG),無,NO,可 100x100 mm,Adaptive-Sync,4390
terra 2742W,1A1H,5ms,IPS,100Hz,含喇叭,Adaptive-Sync,不閃屏,抗藍光,1920*1080,D-Sub/HDMI,5毫秒,有(2W*2),NO,可 100x100 mm,2988
terra 2727W HA,1H1P,6,5ms,VA,含喇叭,不閃屏,抗藍光,高度調整,左右旋轉,前後傾斜*尾盤,1920*1080,HDMI*1/DP*1,6.5毫秒,有(2W*2),NO,可 100x100 mm,3988
【任搭價】terra 2727W HA,1H1P,6,5ms,VA,含喇叭,不閃屏,抗藍光,高度調整,左右旋轉,前後傾斜*尾盤,1920*1080,HDMI*1/DP*1,6.5毫秒,有(2W*2),NO,可 100x100 mm,3788
terra 2748W V2,1H1P,5ms,IPS,含喇叭,硬體低藍光,不閃屏,廣色域,1920*1080 (23.8吋),HDMI/DP,5毫秒,有(3W*2),NO,可 100x100 mm,3288
ViewSonic VX2718-P-mhd,2H1P,1ms,VA,165Hz,含喇叭,FreeSync,保亮點,1920*1080 (102% sRGB),HDMI(1.4)*2/DP(1.2),1毫秒(MPRT),有(2W*2),一年,可 100x100 mm,3788
ViewSonic VX2718-PC-MHD,2H1P,1ms,VA曲面,165Hz,含喇叭,FreeSync,保亮點【優惠洽門市】,1920*1080 (1500R/102% sRGB),HDMI(1.4)*2/DP(1.2),1毫秒(MPRT),有(2W*2),一年,可 75x75 mm,4688
【主機搭購】ViewSonic VX2718-PC-MHD,2H1P,1ms,VA曲面,165Hz,含喇叭,FreeSync,保亮點,1920*1080 (1500R/102% sRGB),HDMI(1.4)*2/DP(1.2),1毫秒(MPRT),有(2W*2),一年,可 75x75 mm,3888
ViewSonic VX2779-HD-PRO,2H1P,1ms,IPS,180Hz,無喇叭,Adaptive-Sync,保亮點【優惠洽門市】,1920*1080,HDMI(1.4)*2/DP *1,1毫秒(MPRT),無,一年,可 100x100 mm,3968,ViewSonic VX2779-HD-PRO 優惠參考主機搭購螢幕促銷專區.請洽門市業務
ViewSonic VX2776-SH,1A2H,4ms,IPS,無喇叭,時尚無邊框,保亮點,1920*1080,D-Sub/HDMI(1.4)*2,4毫秒,無,一年,可 75x75 mm,4388
ViewSonic VX2728,2H1P,0,5ms,IPS,180Hz,含喇叭,FreeSync Premium,保無亮點,1920*1080(90% DCI-P3),HDMI(1.4)*2/DP*1,0.5毫秒(MPRT),有(2W*2),一年,可 100x100 mm,3988
ViewSonic VX2728J,2H1P,0,5ms,IPS,180Hz,含喇叭,FreeSync Premium,保無亮點,人體工學支架,1920*1080(90% DCI-P3),HDMI(1.4)*2/DP*1,0.5毫秒(MPRT),有(2W*2),一年,可 100x100 mm,5400
三星 Smart M5 S27CM500EC,2H,VA,含喇叭,WiFi5,BT5,2,智慧螢幕,1920*1080,HDMI(1.4)*2,4毫秒(GTG),有(5W*2),NO,可 100x100 mm,6290
三星 Smart M5 S27CM501EC,2H,VA,含喇叭,WiFi5,BT5,2,白色,智慧螢幕,1920*1080,HDMI(1.4)*2,4毫秒(GTG),有(5W*2),NO,可 100x100 mm,6340
三星 S3 S27C310EAC,1A1H,IPS,窄邊框,低藍光,零閃屏,1920*1080,D-Sub*1/HDMI(1.4)*1,5毫秒(GTG),無,NO,可 100x100mm,FreeSync,3490
三星 S3 S27C366EAC,1A1H,VA曲面,1800R,低藍光,零閃屏,1920*1080,D-Sub*1/HDMI(1.4)*1,4毫秒(GTG),無,NO,可 75x75 mm,FreeSync,3990
三星 S27C390EAC,2H1P,VA曲面,1000R,含喇叭,護眼低藍光,零閃屏,1920*1080 (88% DCI-P3),HDMI(1.4)*2/DP(1.2)*1,4毫秒(GTG),有(5W*2),NO,不可,FreeSync,5490
技嘉 GS27FC,2H1P,1ms,VA曲面,180Hz,無喇叭,FreeSync Premium,低藍光,不閃屏,1920*1080 (1500R),HDMI(2.0)*2/DP(1.4)*1,1毫秒(MPRT),無,NO,可 100x100mm,4490
技嘉 GS27F,2H1P,1ms,IPS,165Hz,無喇叭,Freesync Premium,低藍光,不閃屏,1920*1080,HDMI(2.0)*2/DP(1.4)*1,1毫秒(MPRT),無,NO,可 100x100mm,4390
華碩 VY279HF,1H,1ms,IPS,100Hz,無喇叭,Adaptive-Sync,抗閃機種,1920*1080,HDMI(1.4)*1,1毫秒(MPRT),無,NO,可 100x100mm,3588
華碩 VA27EHF,1H,1ms,IPS,100Hz,無喇叭,Adaptive-Sync,抗閃,護眼電競顯示器,1920*1080,HDMI(1.4)*1,1毫秒(MPRT),無,NO,可 100x100 mm,2966
華碩 VA27EHFR,1A1H,1ms,IPS,100Hz,無喇叭,Adaptive-Sync,抗閃機種,1920*1080,D-Sub/HDMI,1毫秒(MPRT),無,NO,可 100x100 mm,3288
華碩 VA27DQF,1H1P,1ms,IPS,100Hz,含喇叭,Adaptive-Sync,抗閃機種,1920*1080,HDMI(1.4)*1/DP(1.2)*1,1毫秒(MPRT),有(2W*2),NO,可 100x100 mm,3488
華碩 VU279CFE-B,1H1C,1ms,IPS,100Hz,無喇叭,Adaptive-Sync,USB-C 15W,護眼,1920*1080,HDMI(1.4)*1/USB-C 15W*1,1毫秒(MPRT),無,NO,可 100x100 mm,4889
華碩 VU279CFE-M,1H1C,1ms,IPS,100Hz,無喇叭,Adaptive-Sync,USB-C 15W,燕麥奶色,1920*1080,HDMI(1.4)*1/USB-C 15W*1,1毫秒(MPRT),無,NO,可 100x100 mm,4889
華碩 VG279Q3A,TUF,2H1P,1ms,IPS,180Hz,含喇叭,Adaptive-Sync,低藍光,不閃屏,1920*1080 (99% sRGB),HDMI(2.0)*2/DP(1.2)*1,1毫秒(GTG),有(2W*2),NO,可 100x100 mm,3988
華碩 VG279QM1A,TUF,2H1P,1ms,Fast IPS,280Hz,含喇叭,Freesync Premium,G-SYNC兼容,1920*1080 (100% sRGB),HDMI(2.0)*2/DP(1.2)*1,1毫秒(GTG),有(2W*2),NO,可 100x100 mm,6713
華碩 VG27VH1B,TUF,1A1H,1ms,VA曲面,165Hz,含喇叭,Adaptive-sync,,1920*1080 (1500R/90% DCI-P3),D-Sub/HDMI(2.0),1毫秒(MPRT),有(2W*2),NO,可 100x100mm(拆底座),4588
華碩 TUF VG27VQ3B,TUF,2H1P,VA曲面,1500R,180Hz,含喇叭,,1920*1080 (90% DCI-P3),HDMI(2.0)*2/DP(1.2)*1,1毫秒(GTG),有(2W*2),NO,可 100x100 mm,FreeSync,4990
華碩 VG27VQM,TUF,2H1P,1ms,VA曲面,240Hz,含喇叭,FreeSync Premium,,1920*1080 (1500R),HDMI(2.0)*2/DP(1.2)*1,1毫秒(MPRT),有(2W*2),NO,可 100x100 mm,6488
ACER SA272U E,2H1P,1ms,IPS,100Hz,無喇叭,FreeSync,抗閃系列,2560*1440,HDMI(2.0)*2/DP(1.2),1毫秒(VRB),無,NO,可 75x75 mm,附 HDMI 線,3888
ACER ED270U P,2H1P,1ms,VA曲面,165Hz,含喇叭,Adaptive-Sync,低藍光,不閃爍,2560*1440 (1500R),HDMI(1.4)*2 /DP,1毫秒(VRB),有(2W*2),NO,可 75x75 mm,5188
ACER ED270U S3,2H1P,1ms,VA曲面,180Hz,含喇叭,FreeSync,,2560*1440 (1500R),HDMI(2.0)*2/DP(1.2)*1,1毫秒(VRB),有(2W*2),NO,可 75x75 mm,5488
ACER ED273U H,2H1P,1ms,VA曲面,100Hz,含喇叭,FreeSync,,2560*1440 (1500R),HDMI(2.0)*2/DP(1.4)*1,1毫秒(VRB),有(2W*2),NO,可 75x75 mm,附 HDMI 線,4618
ACER VG272U W2,2H1P,0,5ms,IPS,240Hz,含喇叭,FreeSync Premium,HDR400,HDMI 2,1,2560*1440 (99% sRGB),HDMI(2.1)*2/DP(1.4)*1,1毫秒 / 0.5毫秒(Min),有(2W*2),NO,可 100x100 mm,6488
ACER XV271U M3,2H1P,0,5ms,IPS,180Hz,含喇叭,FreeSync Premium,可升降旋轉,2560*1440 (95% DCI-P3),HDMI(2.0)*2/DP(1.2),1毫秒 / 0.5毫秒(Min),有(2W*2),NO,可 100x100 mm,4999
ACER XV272U V3,2H1P,0,5ms,IPS,180Hz,含喇叭FreeSync Premium,HDR400,可升降旋轉,2560*1440 (95% DCI-P3),HDMI(2.0)*2/DP(1.2),1毫秒 / 0.5毫秒(Min),有(2W*2),NO,可 100x100 mm,5688
ACER XV273U V3,2H1P,0,5ms,IPS,180Hz,含喇叭,FreeSync Premium,HDR400,,2560*1440 (95% DCI-P3),HDMI(2.0)*2/DP(1.2)/USB*4,1毫秒 / 0.5毫秒(Min),有(2W*2),NO,可 100x100 mm,5999
ACER XV272U RV,2H1P,0,5ms,IPS,144Hz,含喇叭,FreeSync Premium,HDR400,,2560*1440 (95% DCI-P3/Delta E<1),HDMI(2.0)*2/DP(1.2),"1毫秒 / 0.5毫秒(Min.,GTG)",有(2W*2),NO,可 100x100 mm,6618,"ACER XV272U RV 採用 友達獨家A.R.T.抗反光顯示技術,擁有防眩光及防反射特性"
ACER XV272U R3,2H1P,0,5ms,IPS,180Hz,含喇叭,FreeSync,HDR400,無反射系列,2560*1440 (95% DCI-P3),HDMI(2.0)*2/DP(1.2),"1毫秒 / 0.5毫秒(Min.,GTG)",有(2W*2),NO,可 100x100 mm,7288
ACER XV272U W2,2H1P,0,5ms,IPS,240Hz,含喇叭,FreeSync Premium,HDR400,可昇降旋轉,HDMI 2,1,2560*1440 (99% sRGB),HDMI(2.1)*2/DP(1.4)*1,1毫秒 / 0.5毫秒(Min),有(2W*2),NO,可 100x100 mm,6888
ACER XV275U P3,2H1P,2ms,VA,144Hz,無喇叭,FreeSync Premium,MiniLED,2560*1440 (99% Adobe RGB),HDMI(2.0)*2/DP(1.2)*1,2毫秒(GTG),無,NO,可 75x75 mm,8618
ACER XV272U KF,2H1P,0,5ms,IPS,300Hz,含喇叭,FreeSync Premium,HDR600,HDMI 2,1 *尾盤,2560*1440 (90% DCI-P3/DeltaE<1),HDMI(2.1)*2/DP(1.4)/USB-C/USB 3.0 *4,1毫秒 / 0.5毫秒(Min),有(2W*2),NO,可 100x100 mm,16999
ACER XV272U F3,2H1P,IPS,300Hz,含喇叭,HDR400,HDMI 2,1,可升降旋轉,2560*1440 (99% sRGB),HDMI(2.1)*2/DP(1.4)*1,1毫秒(GTG)/0.5毫秒(GTG)Min.,有(2W*2),NO,可 100x100 mm,FreeSync Premium,9999,【活動】購買 XV272U F3 ~送 Montech MKey 自由之城 機械式鍵盤 /中文(3軸選1) 價值$2390元
ACER XB273U F,2H1P,0,4ms,IPS,360Hz,含喇叭,G-SYNC,HDR600,超快速IPS面板,2560*1440 (95% DCI-P3),HDMI(2.0)*2/DP(1.4)*1,1毫秒 / 0.4毫秒(GTG),有(2W*2),NO,可 100x100 mm,24900
ACER Predator X27U,2H1P1C,0,01ms,OLED,240Hz,含喇叭,FreeSync Premium,,2560*1440,HDMI(2.0)*2/DP(1.4)*1/USB-C 90W*1,0.01毫秒 / 0.03毫秒(GTG),有(5W*2),NO,可 100x100 mm,22900
BenQ BL2790QT,1H1P1C,5ms,IPS,含喇叭,雙向智慧降噪技術,人體工學支架,2560*1440 (99% sRGB),HDMI(1.4)*/DP(1.2)*1/USB-C*1 65W,5毫秒,有(2W*2),NO,可 100x100mm,9888,〈官網〉買BenQ BL2790QT ~登錄抽藍牙無線喇叭(數量有限)活動以官方公告為主 ~7/31止
BenQ GW2790QT,1H1P1C,5ms,IPS,含喇叭,雙向智慧降噪技術,人體工學支架,白色,2560*1440 (99% sRGB),HDMI(1.4)*/DP(1.2)*1/USB-C*1 65W,5毫秒,有(2W*2),NO,可 100x100mm,10888,〈官網〉買BenQ GW2790QT ~登錄抽藍牙無線喇叭(數量有限)活動以官方公告為主 ~7/31止
【主機搭購】BenQ GW2790QT,1H1P1C,5ms,IPS,含喇叭,雙向智慧降噪技術,人體工學支架,白色,2560*1440 (99% sRGB),HDMI(1.4)*/DP(1.2)*1/USB-C*1 65W,5毫秒,有(2W*2),NO,可 100x100mm,9888,〈官網〉買BenQ GW2790QT ~登錄抽藍牙無線喇叭(數量有限)活動以官方公告為主 ~7/31止
BenQ EW2780Q,2H1P,5ms,IPS,含喇叭,HDR400,類瞳孔護眼技術 ,HDRi,,2560*1440 (8bits+99% sRGB),HDMI(2.0)*2/DP(1.4)*1,5毫秒,有(5W*2),NO,可 100x100mm,6988
BenQ MOBIUZ EX2710R,2H1P,1ms,VA曲面,165Hz,含喇叭,FreeSync Premium Pro,HDR10,保亮點,2560*1440 (1000R/90% DCI-P3),HDMI(2.0)*2/DP(1.4)*1,1毫秒,有(2W*2/5W*1 woofer),一年,可 100x100mm,7688,BenQ MOBIUZ EX2710R支援獨家類瞳孔護眼技術 HDRi、Light Tuner 獨家遊戲調光器
BenQ MOBIUZ EX2710Q,2H1P,1ms,IPS,165Hz,含喇叭,FreeSync Premium,HDR400,,2560*1440 (95% DCI-P3),HDMI*2/DP*1,1毫秒,有(2W*2),NO,可 100x100mm,6988
BenQ PD2705Q,1H1P,5ms,IPS,含喇叭,HDR10, 專業設計繪圖螢幕,PD 65W,2560*1440 (100% sRGB),HDMI(2.0)/DP(1.4)/USB-C 65W,5毫秒,有(2W*2),NO,可 100x100mm,9988
BenQ SW272Q,2H1P1C,5ms,IPS,無喇叭,HDR10,數位紙技術,低反光面板技術,2560*1440 (99% Adobe RGB),HDMI(2.0)*2/DP(1.4)*1/USB-C *1,5毫秒,無,NO,可 100x100mm,27331,〈官網〉買BenQ SW272Q，官網登錄送校色器，活動以官方公告為主 ~6/30止
PHILIPS Evnia 27M1C5500V,2H1P,VA曲面,1500R,165Hz,無喇叭,HDR10,可升降【優惠洽門市】,2560*1440,HDMI(2.0)*2/DP(1.4)*1,1毫秒(MPRT),無,NO,可 100x100mm,Adaptive-Sync,4980,PHILIPS Evnia 27M1C5500V 優惠參考主機搭購螢幕促銷專區.請洽門市業務
PHILIPS Evnia 27M1N5500Z4,2H2P,IPS,170Hz,無喇叭,HDR400,【優惠洽門市】▼下殺到 6,30 23:59,2560*1440 (98% DCI-P3),HDMI(2.0)*2/DP(1.4)*2,1毫秒(MPRT),無,NO,可 100x100mm,FreeSync Premium,5980,【活動】買PHILIPS Evnia 27M1N5500Z4 ~送 SOTHING 向物櫃體除濕器 *價值$690元
【主機搭購】PHILIPS Evnia 27M1N5500Z4,2H2P,IPS,170Hz,無喇叭,HDR400,,2560*1440 (98% DCI-P3),HDMI(2.0)*2/DP(1.4)*2,1毫秒(MPRT),無,NO,可 100x100mm,FreeSync Premium,5480,【活動】買PHILIPS Evnia 27M1N5500Z4 ~送 SOTHING 向物櫃體除濕器 *價值$690元
PHILIPS Evnia 27M2N5500,2H1P,1ms,IPS,180Hz,無喇叭,FreeSync Premium,SmartErgo底座▼下殺到 6,30 23:59,2560*1440 (98% DCI-P3),HDMI(2.0)*2/DP(1.4)*1,1毫秒,無,NO,可 100x100mm,6480
AOC Q27B3S2,1H1P,1ms,IPS,100Hz,無喇叭,Adaptive-Sync,抗閃,三邊極窄邊框設計,2560*1440 (96% DCI-P3),HDMI(2.0)*1/DP(1.4)*1,1毫秒(MPRT),無,NO,可 100x100mm,3999
AOC Q27G4,1H1P,1ms,IPS,180Hz,無喇叭,Adaptive-Sync,電競螢幕,2560*1440 (99% DCI-P3),HDMI(2.0)*1/DP(1.4)*1,1毫秒,無,NO,可 100x100mm,5899
DELL S2721DS,2H1P,4ms,IPS,含喇叭,FreeSync,可昇降旋轉,四年保,2560*1440 (99% sRGB),HDMI(1.4)*2/DP(1.2)*1,4毫秒(GTG),有(3W*2),四年,可 100x100mm,8777
DELL S2725DS ,2H1P,4ms,IPS,100Hz,含喇叭,無亮點,四年保, 可昇降旋轉,2560*1440 (99% sRGB),HDMI(1.4)*2/DP(1.2)*1,4毫秒,有(5W*2),四年,可 100x100mm,9688,【活動】購買 DELL S2725DS ~加贈 威剛 P10000QCD 行動電源(黑)【送完為止】
DELL G2724D,1H2P,1ms,Fast IPS,165Hz,無喇叭,FreeSync Premium,HDR400,四年保,2560*1440 (99% sRGB),HDMI*1/DP(1.4)*2,1毫秒,無,四年,可 100x100mm,8888
DELL P2723D,1H1P,5ms,IPS,無喇叭,保無亮點,低藍光螢幕,傾斜,四年保,2560*1440 (99% sRGB),HDMI(1.4)*1/DP(1.2)*1,5毫秒,無,三年,可 100x100mm,10388
DELL U2724D,1H2P1C,5ms,IPS,120Hz,無喇叭,可傾斜,旋轉,保亮點,四年保,2560*1440,HDMI(1.4)*1/DP(1.4)*2/USB-C*1/USB 3.2 Gen2*2,5毫秒,無,四年,可 100x100mm,13500
DELL U2724DE,1H2P1C1T,5ms,IPS,120Hz,無喇叭,可傾斜,旋轉,保亮點,四年保,2560*1440,HDMI(1.4)*1/DP(1.4)*2/USB-C*1/Thunderbolt 4*1/USB 3.2 Gen2*3,5毫秒,無,四年,可 100x100mm,16551
DELL Alienware AW2725DF,1H2P,0,03ms,QD-OLED,360Hz,無喇叭,FreeSync Premium,HDMI 2,1,2560*1440,HDMI(2.1)*1/DP(1.4)*2/USB-C*1/USB 3.2 Gen1*3,0.03毫秒,無,三年,可 100x100mm,29032
LG 27GR75Q-B,2H1P,1ms,IPS,165Hz,無喇叭,FreeSync Premium,可昇降旋轉▼下殺到 6,30 23:59,2560*1440 (99% sRGB),HDMI(2.0)*1/DP(1.4)*1,1毫秒(GTG),無,NO,可 100x100mm,5990
LG 27GR95QE-B,2H1P,0,03ms,OLED,240Hz,無喇叭,FreeSync Premium Pro,HDMI 2,1,兩年保,2560*1440 (98.5% DCI-P3),HDMI(2.1)*2/DP(1.4)*1/USB3.0*2,0.03毫秒,無,NO,可 100x100mm,23900,LG 27GR95QE-B OLED 螢幕 2年保固
MSI MP275Q,2H1,1ms,IPS,100Hz,含喇叭,2K基本入門款,2560*1440,HDMI(2.0b)*2/DP(1.2a)*1,1毫秒(MPRT),有(2W*2),NO,可 100x100mm,4288
MSI Modern MD272QXP,1H1P1C,1ms,IPS,100Hz,含喇叭,美型,可調整高低,旋轉,2560*1440,HDMI(2.0b)*1/DP(1.2a)*1/USB-C(PD 65W),1毫秒(MPRT),有(3W*2),NO,可 75x75 mm,5871
MSI Modern MD272QXPW,1H1P1C,1ms,IPS,100Hz,含喇叭,美型,可調整高低,旋轉,白色,2560*1440,HDMI(2.0b)*1/DP(1.2a)*1/USB-C(PD 65W),1毫秒(MPRT),有(3W*2),NO,可 75x75 mm,5871
MSI G27CQ4 E2,2H1P,VA曲面,1500R,170Hz,不閃屏,低藍光,電競曲面螢幕,2560*1440 (91% DCI-P3),HDMI(2.0)*2/DP(1.2)*1,1毫秒(MPRT),無,NO,可 100x100mm,FreeSync Premium,5490
MSI G271CQP E2,2H1P,VA曲面,1000R,170Hz,不閃屏,低藍光,可升降,2560*1440,HDMI(2.0)*2/DP(1.4)*1,1毫秒(MPRT),無,NO,可 75x75 mm,Adaptive sync,6851
MSI G272QPF E2,2H1P,IPS,180Hz,不閃屏,低藍光,可升降,2560*1440 (94% DCI-P3),HDMI(2.0)*2/DP(1.4)*1,1毫秒(GTG),無,NO,可 100x100mm,Adaptive sync,6990
MSI G274QRFW,2H1P,IPS,170Hz,白色,不閃屏,低藍光,可升降旋轉,2560*1440 (90% DCI-P3),HDMI(2.0)*2/DP(1.4)*1,1毫秒(GTG),無,NO,可 75x75 mm,G-Sync Compatible,5990
MSI G274QPF E2,2H1P1C,IPS,180Hz,HDR400,低藍光,可升降,2560*1440 (94% Adobe RGB),HDMI(2.0)*2/DP(1.4)*1/USB-C*1,1毫秒(GTG),無,NO,可 75x75 mm,Adaptive-Sync,6851
MSI MAG 274QRFW,2H1P,IPS,180Hz,HDR400,白色,可升降,2560*1440 (95% DCI-P3),HDMI(2.0)*2/DP(1.4)*1,1毫秒(GTG),無,NO,可 75x75 mm,Adaptive-Sync,6851
MSI MAG 274QRF QD E2,2H1P1C,IPS,180Hz,HDR400,低藍光,夜視黑平衡功能,2560*1440 (98% DCI-P3),HDMI(2.0)*2/DP(1.4)*1/USB-C(65W)*1,1毫秒(GTG),無,NO,可 75x75 mm,Adaptive-Sync,7990
MSI MAG 275CQRF-QD,2H1P1C,VA曲面,1000R,170Hz,不閃屏,低藍光,2560*1440 (96% DCI-P3),HDMI(2.0)*2/DP(1.2)*1/USB-C*1,1毫秒(GTG),無,NO,可 100x100 mm,Adaptive sync,8321
MSI MAG 275CQRXF,2H1P1C,VA曲面,1000R,240Hz,HDR400,,2560*1440 (92% DCI-P3),HDMI(2.0)*2/DP(1.4)*1/USB-C*1,1毫秒(GTG),無,NO,可 100x100mm,Adaptive-Sync,8990
MSI MAG 271QPX QD-OLED E2,2H1P1C,OLED,240Hz,HDR400,HDMI 2,1,,2560*1440 (26.5吋/99% DCI-P3),HDMI(2.1)*2/DP(1.4)*1/USB-C*1,0.03毫秒(GTG),無,NO,可 100x100mm,Adaptive-Sync,24900
MSI MPG 271QRX QD-OLED,2H1P1C,OLED,360Hz,HDR400,HDMI 2,1,,2560*1440 (26.5吋/99% DCI-P3),HDMI(2.1)*2/DP(1.4)*1/USB-C(90W)*1,0.03毫秒(GTG),無,NO,可 100x100mm,FreeSync Premium Pro,26900
ViewSonic VX2728-2K,2H1P,0,5ms,IPS,180Hz,含喇叭,FreeSync Premium,,2560*1440 (90% DCI-P3),HDMI(2.0)*2/DP*1,0.5毫秒(MPRT),有(2W*2),一年,可 100x100mm,5788
ViewSonic VX2758A-2K-PRO-2,2H1P,1ms,IPS,170Hz,無喇叭,可升降,翻轉,2560*1440 (95% DCI-P3),HDMI(2.0)*2/DP*1,1毫秒(MPRT),無,一年,可 100x100mm,FreeSync Premium,5688
ViewSonic VX2728J-2K,2H1P,0,5ms,IPS,180Hz,含喇叭,FreeSync Premium,可升降,翻轉,2560*1440 (90% DCI-P3),HDMI(2.0)*2/DP*1,0.5毫秒(MPRT),有(2W*2),一年,可 100x100mm,6988
ViewSonic VP2756-2K,1H1P1C,5ms,IPS,含喇叭, Pantone認證,可旋轉,保無亮點,2560*1440 (110% sRGB),HDMI(1.4)*1/DP(1.2)/USB-C,5毫秒,有(2W*2),一年,可 100x100 mm,11350
三星 S6 S27A600NAC,1H1P,IPS,HDR10,低藍光,可升降旋轉,2560*1440 (99% sRGB),HDMI(1.4)*1/DP(1.2)*1,5毫秒,無,NO,可 75x75 mm,FreeSync,5490
三星 ViewFinity S6 S27B610EQC,2H1P,IPS,低藍光,可升降旋轉,2560*1440 (99% sRGB),HDMI(1.4)*2/DP(1.2)*1,5毫秒(GTG),無,NO,可 100x100mm,FreeSync,5490
三星 Odyssey G5 S27CG552EC,1H1P,VA曲面,1000R,165Hz,HDR10,,2560*1440,HDMI(2.0)*1/DP(1.2)*1,1毫秒(MPRT),無,NO,可 75x75mm,FreeSync,5871
三星 Odyssey G6 S27BG650EC,2H1P,VA曲面,1000R,240Hz,含喇叭,HDR600,HDMI 2,1,智慧螢幕,2560*1440 (95% DCI-P3),HDMI(2.1)*2/DP(1.4)*1,1毫秒(GTG),有(5W*2),NO,可 100x100mm,FreeSync Premium Pro,14900
技嘉 GS27Q,2H1P,1ms,IPS,165Hz,無喇叭,,FreeSync Premium,不閃頻,低藍光▼下殺到 6,23 23:59,2560*1440,HDMI(2.0)*2/DP(1.4)*1,1毫秒(MPRT),無,NO,可 100x100mm,4618
技嘉 GS27QC,2H1P,1ms,VA曲面,165Hz,無喇叭,FreeSync Premium,不閃頻,低藍光,2560*1440 (1500R),HDMI(2.0)*2/DP(1.4)*1,1毫秒(MPRT),無,NO,可 100x100mm,5488
技嘉 M27Q,rev2,0,,2H1P1C,1ms,IPS,165Hz,無喇叭,FreeSync,HDR400,OC 170Hz,2560*1440 (9?5% DCI-P3),HDMI(2.0)*2/DP(1.2)/USB Type-C,1毫秒(MPRT),無,NO,可 100x100mm,可高低,7990
技嘉 FO27Q3,2H1P1C,OLED,360Hz,含喇叭,HDR400,HDMI 2,1,可升降旋轉,2560*1440 (99% DCI-P3),HDMI(2.1)*2/DP(1.4)*1/USB-C*1,0.03毫秒(GTG),無,NO,可 100x100mm,FreeSync Premium Pro,26900,〈官網〉購買 技嘉 FO27Q3 ~官網登錄送 AORUS H1 耳機~ 活動以官方公告為主 ~7/15止
海盜船 XENEON 27QHD240,2H1P1C,0,03ms,OLED,240Hz,無喇叭,G-Sync兼容,HDMI 2,1【客訂】,2560*1440 (98.5% DCI-P3),HDMI(2.1)*2/DP(1.4)*1/USB-C*1,0.03毫秒(GTG),無,NO,可 100x100mm,33900
華碩 VG27AQ3A,TUF,2H1P,1ms,Fast IPS,180Hz,含喇叭,G-SYNC兼容,快速IPS電競螢幕,2560*1440 (130% sRGB),HDMI(2.0)*2/DP(1.4)*1,1毫秒(GTG),有 (2W*2),NO,可 100x100mm,5788
華碩 VG27AQL3A,TUF,2H1P,1ms,Fast IPS,180Hz,含喇叭,FreeSync Premium,HDR400,,2560*1440 (96% DCI-P3),HDMI(2.0)*2/DP(1.4)*1,1毫秒(GTG),有 (2W*2),NO,可 100x100mm,6680
華碩 VG27AQL3A-W,TUF,2H1P,1ms,Fast IPS,180Hz,含喇叭,FreeSync Premium,HDR400,白色,2560*1440 (96% DCI-P3),HDMI(2.0)*2/DP(1.4)*1,1毫秒(GTG),有 (2W*2),NO,可 100x100mm,6680
華碩 VG27AQM1A,TUF,2H1P,1ms,Fast IPS,260Hz,含喇叭,FreeSync Premium,HDR400,,2560*1440(90% DCI-P3),HDMI(2.0)*2/DP(1.4)*1,1毫秒(GTG),有 (2W*2),NO,可 100x100mm,7988
華碩 XG27AQ,ROG,2H1P,1ms,IPS,170Hz,含喇叭,Adaptive-Sync,HDR400,,2560*1440 (95% DCI-P3),HDMI(2.0)*2/DP(1.2)*1/U3*2,1毫秒,有 (2W*2),NO,可 100x100mm,7990
華碩 XG27ACS,ROG,1H1P1C,1ms,180Hz,無喇叭,FreeSync,HDR400,G-SYNC兼容,2560*1440 (97% DCI-P3),HDMI(2.0)*1/DP(1.4)*1/USB-C*1,1毫秒(GTG),無,NO,可 100x100mm,6988
華碩 XG27WCS,ROG,1H1P1C,1ms,Fast VA曲面,180Hz,無喇叭,FreeSync,HDR400,,2560*1440 (1500R/95% DCI-P3),HDMI(2.0)*1/DP(1.4)*1,1毫秒(GTG),無,NO,可 100x100mm,7988
華碩 PG27AQDM,ROG,2H1P,0,03ms,OLED,240Hz,無喇叭,G-Sync兼容,兩年保,2560*1440 (99% DCI-P3),HDMI(2.0)*2/DP 1.4*1/U3*2,0.03毫秒(GTG),無,一年,可 100x100mm,19900
華碩 PA278CGV,2H1P1C,5ms,IPS,144Hz,含喇叭FreeSync Premium,HDR400,人體工學支架【少量】,2560*1440 (95% DCI-P3),HDMI(2.0)*2/DP 1.4*1/USB-C*1,5毫秒,有 (2W*2),三年,可 100x100mm,9800
ACER VG270K L,2H1P,4ms,IPS,含喇叭,FreeSync,HDR 10,4K入門款式,3840*2160 (99% sRGB),HDMI(2.0)*2/DP(1.2)*1,4毫秒,有 (2W*2),NO,可 100x100mm,6618
ACER XV272K V3,2H1P,0,5ms,IPS,160Hz,含喇叭,FreeSync Premium,HDR400,HDMI 2,1,3840*2160 (95% DCI-P3),HDMI(2.1)*2DP(1.4)*1,1毫秒 / 0.5毫秒(Min),有 (2W*2),NO,可 100x100mm,9999
ACER XV272K LV,2H1P1C,0,5ms,IPS,160Hz,含喇叭,FreeSync Premium,HDMI 2,1 機種,3840*2160 (95% DCI-P3),HDMI(2.1)*2DP(1.4)*1/USB-C/USB 3.0*4,0.5毫秒(GTG),有 (2W*2),NO,可 100x100mm,14999
ACER XV275K P3,2H1P1C,1ms,IPS,160Hz,無喇叭,FreeSync Premium,HDR1000,HDMI 2,1,MiniLED,3840*2160 (99% ADOBE RGB),HDMI(2.1)*2DP(1.4)*1/USB-C 90W/USB 3.0*2,1毫秒(GTG),無,NO,可 75x75mm,18888
BenQ MOBIUZ EX2710U,2H1P,1ms,IPS,144Hz,含喇叭,FreeSync Premium Pro,HDMI 2,1,3840*2160 (10bits/98% DCI-P3),HDMI(2.1)*2DP(1.4)*1/USB 3.0*4,1毫秒(MPRT),有(2W*2+5W woofer)),NO,可 100x100mm,21972
BenQ PD2705U,1H1P1C,5ms,IPS,含喇叭,HDR10,AQCOLOR色彩技術,可高低旋轉,3840*2160 (10bit+99% sRGB),HDMI(2.0)*1/DP(1.4)*1/USB-C*1,5毫秒,有 (2.5W*2),NO,可 100x100 mm,15888
BenQ PD2706UA,1H1P1C,5ms,IPS,含喇叭,HDR10,PD Ergo Arm可旋轉,調整高度,3840*2160 (10bit+99% sRGB),HDMI(2.0)*1/DP(1.4)*1/USB-C*1(PD 90W)/USB3.2*3,5毫秒,有 (2.5W*2),NO,可 100x100 mm,21888
BenQ PD2725U,2H1P1C,5ms,IPS,含喇叭,HDR400,支援Thunderbolt 3連接,專業設計,3840*2160 (95% DCI-P3),HDMI(2.0)*2/DP(1.4)/Thunderbolt 3*1/USB3*2,5毫秒,有 (2.5W*2),NO,可 100x100mm,24391,BenQ PD2725U 中Display Pilot軟體功能不相容 APPLE M1晶片
BenQ SW272U,2H1P1C,5ms,IPS,無喇叭,HDR10,數位紙技術,低反光面板技術,3840*2160 (99% Adobe RGB),HDMI(2.0)*1/DP(1.4)*1/USB-C 90W*1,5毫秒,無,NO,可 100x100mm,48888,〈官網〉買BenQ SW272U，官網登錄送校色器，活動以官方公告為主 ~6/30止
PHILIPS 278E1A,2H1P,4ms,IPS,含喇叭,不閃爍,低藍光▼下殺到 6,30 23:59,3840*2160 (109% sRGB),HDMI*2/DP*1,4毫秒,有 (3W*2),NO,可 100x100mm,5988
MSI Modern MD271UL,2H1P1C,IPS,優美時尚外型,鋁合金支架,廣色域工作娛樂,3840*2160 (95% Adobe RGB),HDMI(2.0)*2/DP(1.2)*1/USB-C(65W)*1,4毫秒(GTG),無,NO,不可,7490
MSI MAG 274UPF,2H1P1C,IPS,144Hz,HDR400,HDMI 2,1,低藍光,3840*2160 (97% Adobe RGB),HDMI(2.1)*2/DP(1.4)*1/USB-C(65W)*1,1毫秒(GTG),無,NO,可 75x75mm,G-sync compatible,15800
MSI MAG 274UPF E2,2H1P1C,IPS,160Hz,HDR400,HDMI 2,1,可升降,3840*2160 (98% DCI-P3),HDMI(2.1)*2/DP(1.4)*1/USB-C*1,0.5毫秒(GTG),無,NO,可 75x75mm,Adaptive-Sync,14602
MSI MAG 274URFW,2H1P1C,IPS,160Hz,HDR400,HDMI 2,1,白色,,3840*2160 (98% DCI-P3),HDMI(2.1)*2/DP(1.4)*1/USB-C*1,0.5毫秒(GTG),無,NO,可 75x75mm,FreeSync Premium,15900
MSI MPG 274URF QD,2H1P1C,IPS,160Hz,HDR400,HDMI 2,1,可升降,3840*2160 (99% Adobe RGB),HDMI(2.1)*2/DP(1.4)*1/USB-C(65W)*1,0.5毫秒(GTG),無,NO,可 75x75mm,FreeSync Premium,15582
DELL P2723QE,1H1P1C,5ms,IPS,無喇叭,保亮點,可傾斜,調整高低,四年保,3840*2160 (99% sRGB),HDMI(2.0)*1/DP(1.4)*1/USB-C,5毫秒,無,四年,可 100x100mm,15888
DELL U2723QE,1H1P1C,5ms,IPS,無喇叭,HDR400,廣色域,保亮點,可傾斜,四年保,3840*2160 (98% DCI-P3),HDMI(2.0)*1/DP(1.4)*1/USB-C,5毫秒,無,四年,可 100x100mm,22999
LG 27UP600-W,2H1P,5ms,IPS,無喇叭,FreeSync,HDR400,高畫質編輯顯示器▼下殺到 6,30 23:59,3840*2160 (95% DCI-P3),HDMI*2/DP(1.4)*1,5毫秒,無,NO,可 100x100mm,7990
LG 27UP850N-W,2H1P1C,5ms,IPS,含喇叭,FreeSync,HDR400, 可旋轉,調整高低,3840*2160 (95% DCI-P3),HDMI*2/DP(1.4)*1/USB-C*1/USB3.0*2,5毫秒,有(5W*2),NO,可 100x100mm,12900
LG 27UQ850V-W,2H1P1C,IPS,含喇叭,HDR400,可昇降旋轉,3840*2160 (98% DCI-P3/FreeSync),HDMI(2.0)*2/DP(1.4)*1/USB-C(90W)*1,5毫秒(GTG),有(5W*2),NO,可 100x100mm,14900
LG 27GR93U-B,2H1P,1ms,IPS,144Hz,無喇叭,FreeSync Premium,HDMI 2,1▼下殺到 6,30 23:59,3840*2160 (95% DCI-P3),HDMI(2.1)*2/DP(1.4)*1,1毫秒,無,NO,可 100x100mm,15900
三星 S7 S27A700NWC,1H1P,IPS,HDR10,護眼低藍光,零閃屏,3840*2160,HDMI(2.0)*1/DP(1.2)*1,5毫秒,無,NO,可 100x100mm,7990
三星 S8 S27A800UJC,1H1P1C,IPS,HDR10,低藍光,可升降旋轉,3840*2160,HDMI(2.0)*1/DP(1.2)*1/USB-C(90W)*1,5毫秒,無,NO,可 100x100mm,9890
華碩 VA27UQSB,2H1P,5ms,IPS,含喇叭,HDR10, 可昇降翻轉,3840*2160 (99% sRGB),HDMI(2.0)*2/DP(1.4)*1,5毫秒,有 (2W*2),NO,可 100x100mm,8590
華碩 VY27UQ,2H1P,5ms,IPS,含喇叭,HDR10, 護眼低藍光,不閃屏,3840*2160 (99% sRGB),HDMI(2.0)*2/DP(1.4)*1,5毫秒,有 (2W*2),NO,可 100x100mm,8290
華碩 XG27UCS,ROG,1H1P1C,1ms,Fast IPS,160Hz,無喇叭,G-Sync,HDR10, HDMI 2,1,3840*2160 (95% DCI-P3),HDMI(2.1)*1/DP(1.4)*1/USB-C*1,1毫秒(GTG),無,NO,可 100x100mm,12900
華碩 PA279CRV,2H2P1C,5ms,IPS,含喇叭,Delta E值小於2,支援USB-C 96瓦,3840*2160 (99% DCI-P3),HDMI(2.0)*2/DP(1.4)*2/USB-C*1,5毫秒,有 (2W*2),三年,可 100x100mm,12533
華碩 PA27DCE-K,3H1P1C,0,1ms,OLED,含喇叭,HDR10,PD 80W,人體工學支架,兩年保,3840*2160,HDMI(2.0)*3/DP(1.4)*1/USB-C*1,0.1毫秒(GTG),有 (3W*2),三年,可 100x100mm,43888
三星 ViewFinity S9 S27C900PAC,1mP1C,IPS,含喇叭,HDR10,智慧螢幕,智慧校色 【客訂】,5120*2880 (99% DCI-P3),Mini DP*1/Thunderbolt 4(90W)*1,5毫秒(GTG),有(5W*2),NO,可 100x100mm,附4K可拆磁吸視訊攝影機,39900
LG 28MQ780-B,2H1P1C,5ms,NanoIPS,含喇叭,HDR10,DualUp 雙能機,2560*2880(98% DCI-P3),HDMI*2/DP(1.4)*1/USB-C*1,5毫秒,有(7W*2),NO,可 100x100 mm,20900
ACER VG280K,2H1P,1ms,IPS,含喇叭,FreeSync,HDR10, 廣色域 *尾盤,3840*2160 (90% DCI-P3),HDMI(2.0)*2/DP,1毫秒(VRB),有(2W*2),NO,可 100x100 mm,附 HDMI 線,6618
ACER XV280K,2H1P,4ms,IPS,含喇叭,FreeSync,HDR10,廣色域,專業護眼,3840*2160 (90% DCI-P3),HDMI(2.0)*2/DP(1.2),4毫秒,有(2W*2),NO,可 100x100 mm,附 HDMI 線,6999
ACER XV282K KV,2H1P1C,1ms,IPS,144Hz,含喇叭,FreeSync Premium,HDR400,HDMI 2,1【少量】,3840*2160 (90% DCI-P3),HDMI(2.1)*2/DP(1.4)/USB Type-C,1毫秒,有(2W*2),NO,可 100x100 mm,9999
BenQ EW2880U,2H1P1C,5ms,IPS,含喇叭,FreeSync,類瞳孔,光智慧,護眼螢幕,3840*2160 (90% DCI-P3),HDMI(2.0)*2/DP(1.4)/USB-C 60W,5毫秒,有(3W*2),NO,可 100x100mm,9988
【任搭】BenQ EW2880U,2H1P1C,5ms,IPS,含喇叭,FreeSync,類瞳孔,光智慧,護眼螢幕,3840*2160 (90% DCI-P3),HDMI(2.0)*2/DP(1.4)/USB-C 60W,5毫秒,有(3W*2),NO,可 100x100mm,9588
技嘉 M28U,2H1P1C,1ms,IPS,144Hz,含喇叭,FreeSync Premium Pro,HDR400,HDMI 2,1【少量】,3840*2160 (94% DCI-P3),HDMI(2.1)*2/DP(1.4)/USB-C,1毫秒,有(3W*2),NO,可 100x100mm,15990
三星 Odyssey G7 S28BG700EC,2H1P,IPS,144Hz,含喇叭,HDR400,HDMI 2,1,智慧螢幕,3840*2160 (90% DCI-P3),HDMI(2.1)*2/DP(1.4)*1,1毫秒(GTG),有(5W*2),NO,可 100x100mm,FreeSync Premium Pro,16888
華碩 VP289Q,2H1P,5ms,IPS,含喇叭,Adaptive-Sync,HDR10,護眼顯示器,3840*2160 (90% DCI-P3),HDMI(2.0)*2/DP(1.2)*1,5毫秒(GTG),有(2W*2),NO,可 100x100mm,8321
華碩 VG289Q,TUF,2H1P,5ms,IPS,含喇叭,FreeSync,HDR10,G-SYNC兼容,可翻轉,昇降,3840*2160 (90% DCI-P3),HDMI(2.0)*2/DP(1.2)*1,5毫秒,有(2W*2),NO,可 100x100mm,7700
BenQ RD280U,1H1P1C,IPS,含喇叭,HDR400,獨家光智慧2,0及智能光技術,Coding模式,3840*2560 (28.2吋/95% DCI-P3),HDMI(2.0)*1/DP(1.4)*1/USB-C(90W)*1,5毫秒(GTG),有(2W*2),NO,可 100x100mm,16888,"BenQ RD280U是市場唯一軟體工程師專用顯示器,夜間守護模式適合全暗房環境下使用"
LG 29WQ600-W,1H1P1C,IPS,100Hz,含喇叭,HDR10,智慧螢幕操作▼下殺到 6,30 23:59,2560*1080 (99% sRGB/FreeSync),HDMI(1.4)1/DP(1.4)*1/USB-C*1,1毫秒(MBR),有(7W*2),NO,可 100x100mm,5990
ACER SA322Q A,1A1H,1ms,IPS,無喇叭,FreeSync,入門32吋機種,1920*1080 (31.5吋),D-Sub/HDMI,1毫秒(VRB),無,NO,可 75x75 mm,3999
ACER ED320QR H,1A1H,1ms,VA曲面,100Hz,無喇叭,FreeSync,,1920*1080 (31.5吋/1500R),D-Sub*1/HDMI(1.4)*1,1毫秒(VRB),無,NO,可 100x100mm,附 HDMI 線,4488
ACER ED320QR S3,2H1P,1ms,VA曲面,180Hz,含喇叭,FreeSync Premium,,1920*1080 (31.5吋/1500R),HDMI(2.0)*2/DP(1.4)*1,1毫秒(VRB),有(2W*2),NO,可 100x100mm,4999
ACER ED320Q X2,2H1P,VA曲面,1500R,240Hz,含喇叭,HDR10,,1920*1080 (31.5吋/1500R),HDMI(2.0)*2/DP(1.4)*1,1毫秒(VRB),有(2W*2),NO,可 100x100mm,FreeSync Premium,5688
PHILIPS Evnia 32M1C5200W,2H1P,0,5ms,VA曲面,240Hz,無喇叭,Adaptive-Sync,,1920*1080 (31.5吋/1500R/121.3% sRGB),HDMI(2.0)*2/DP(1.4)*1,0.5毫秒(MPRT),無,NO,可 100x100mm,7688
AOPEN 32HC5QR S3,2H1P,1ms,VA曲面,180Hz,含喇叭,,FreeSync Premium,,1920*1080 (31.5吋/1500R),HDMI(2.0)*2/DP(1.4)*1,1毫秒(TVR),有(2W*2),NO,可 100x100mm,5288
LG 32MR50C-B,1A2H,5ms,VA曲面,100Hz,無喇叭,FreeSync,,1920*1080 (31.5吋/1500R),D-SUB/HDMI(1.4)*2,5毫秒(GTG),無,NO,可 100x100mm,4690
LG 32SR50F-W,2H,8ms,IPS,含喇叭,智慧型顯示器搭載 webOS▼下殺到 6,30 23:59,1920*1080,HDMI *2,8毫秒,有(5W*2),NO,可 100x100mm,6990
MSI G32C4X,2H1P,VA曲面,1500R,250Hz,不閃屏,低藍光,電競曲面螢幕,1920*1080 (31.5吋/91% DCI-P3),HDMI(2.0)*2/DP(1.2)*1,1毫秒(MPRT),無,NO,可 100x100 mm,FreeSync Premium,5890
ViewSonic VA3209-MH,1A1H,4ms,IPS,含喇叭,窄邊框美型螢幕,1920*1080,D-Sub/HDMI,4毫秒,有(2.5W*2),NO,可 100x100 mm,4537
ViewSonic VX3276-MHD-3,1A1H1P,4ms,IPS,含喇叭,Adaptive-Sync,,1920*1080,D-Sub/HDMI/DP,4毫秒,有(2W*2),一年,可 100x100mm,4638
三星 S32C390EAC,2H1P,VA曲面,1000R,含喇叭,窄邊框,低藍光,零閃屏,1920*1080 (88% DCI-P3),HDMI(1.4)*2/DP(1.2)*1,4毫秒(GTG),有(5W*2),NO,不可,FreeSync,6490
華碩 VA329HE,1A1H,5ms,IPS,無喇叭,Adaptive-Sync,不閃屏,低藍光,1920*1080,D-Sub/HDMI(1.4),5毫秒,無,NO,可 100x100mm,4548
華碩 VG328QA1A,TUF,2H1P,1ms,VA,165Hz,含喇叭,FreeSync Premium,OC 170Hz,1920*1080 (100% sRGB),HDMI(2.0)*2/DP(1.2)*1,1毫秒(MPRT),有(2W*2),NO,可 100x100mm,5809
ACER SA322QU A,2H1P,1ms,IPS,無喇叭,FreeSync,HDR10,薄邊框,2560*1440 (31.5吋)8bit,HDMI(2.0)*2/DP(1.4)*1,1毫秒(VRB),無,NO,可 75x75 mm,4999
ACER XV320QU M5,2H1P,0,5ms,IPS,180Hz,含喇叭,FreeSync Premium,HDR10,,2560*1440 (31.5吋/95% DCI-P3),HDMI(2.0)*2/DP(1.2)*1,1毫秒 / 0.5毫秒(Min),有(3W*2),NO,可 100x100 mm,7499
ACER XZ322QU V3,2H1P,VA曲面,1500R,180Hz,含喇叭,HDR400,,2560*1440 (31.5吋),HDMI(2.0)*2/DP(1.4)*1,1毫秒(VRB),有(2W*2),NO,可 100x100 mm,6999
BenQ MOBIUZ EX3210R,2H1P,1ms,VA曲面,165Hz,含喇叭,FreeSync Premium Pro,保亮點,2560*1440 (90% DCI-P3),HDMI(2.0)*2/DP(1.4)*1,1毫秒(MPRT),有(2W*2),一年,可 100x100 mm,8809,BenQ MOBIUZ EX3210R支援獨家類瞳孔護眼技術 HDRi、Light Tuner 獨家遊戲調光器
BenQ BL3290QT,1H1P1C,5ms,IPS,含喇叭,雙向智慧降噪技術,人體工學支架,2560*1440 (99% sRGB),HDMI(1.4)*/DP(1.2)*1/USB-C*1 65W/USB3.2*3,5毫秒,有(2W*2),NO,可 100x100mm,13888,〈官網〉買BenQ BL3290QT ~登錄抽藍牙無線喇叭(數量有限)活動以官方公告為主 ~7/31止
BenQ GW3290QT,1H1P1C,5ms,IPS,含喇叭,雙向智慧降噪技術,人體工學支架,白色,2560*1440 (99% sRGB),HDMI(1.4)*/DP(1.2)*1/USB-C*1 65W/USB3.2*3,5毫秒,有(2W*2),NO,可 100x100mm,13888,〈官網〉買BenQ GW3290QT ~登錄抽藍牙無線喇叭(數量有限)活動以官方公告為主 ~7/31止
PHILIPS Evnia 32M1C5500VL,2H1P,1ms,VA曲面,165Hz,無喇叭,Adaptive-Sync,電競曲面螢幕,2560*1440 (31.5吋/1500R/121.6% sRGB),HDMI(2.0)*2/DP(1.4)*1,1毫秒(MPRT),無,NO,可 100x100mm,7988
AOC Q32G3SE,2H1P,1ms,VA,165Hz,無喇叭,FreeSync Premium,電競顯示器,2560*1440 (31.5吋/91% DCI-P3),HDMI(2.0)*2/DP(1.4)*1,1毫秒(MPRT),無,NO,可 100x100mm,6399
AOC AG325QX,2H2P,1ms,IPS,180Hz,無喇叭,G-SYNC兼容,HDR400,▼下殺到 6,30 23:59,2560*1440 (31.5吋/97% DCI-P3),HDMI(2.0)*2/DP(1.4)*2,1毫秒(GTG),無,NO,可 100x100mm,9700
MSI G32CQ5P,2H1P,VA曲面,1500R,170Hz,曲面電競螢幕,可升降,2560*1440 (31.5吋/91% DCI-P3),HDMI(2.0)*2/DP(1.2)*1,1毫秒(MPRT),無,NO,可 75x75 mm,Adaptive-Sync,7831
MSI G321Q,2H1P,IPS,170Hz,Esports電子競技專用電競機種,2560*1440 (31.5吋/93% DCI-P3),HDMI(2.0)*2/DP(1.4)*1,1毫秒(MPRT),無,NO,可 100x100mm,G-Sync Compatible,9699
MSI MAG 325CQRF-QD,2H1P1C,VA曲面,1000R,170Hz,量子點技術,2560*1440 (31.5吋/96% DCI-P3),HDMI(2.0)*2/DP(1.2)*1/USB-C*1,1毫秒(GTG),無,NO,可 100x100mm,FreeSync Premium,9890
MSI MAG 325CQRXF,2H1P1C,VA曲面,1000R,240Hz,HDR400,不閃屏,2560*1440 (31.5吋/91% DCI-P3),HDMI(2.0)*2/DP(1.4)*1/USB-C*1,1毫秒(GTG),無,NO,可 100x100mm,Adaptive sync,9990
MSI Optix MPG321QRF-QD,2H1P1C,IPS,175Hz,HDR600,Esports電子競技專用電競機種,2560*1440 (95% DCI-P3),HDMI(2.0)*2/DP(1.4)*1/USB-C*1,1毫秒(GTG),無,NO,可 100x100mm,G-sync Compatible,9990
ViewSonic VA3209-2K-MHD,2H1P,4ms,IPS,含喇叭,窄邊框美型螢幕,2560*1440,HDMI(1.4)*2/DP*1/Mini DP*1,4毫秒,有(2.5W*2),NO,可 100x100mm,6666
ViewSonic VX3276-2K-MHD-2,2H2P,4ms,IPS,含喇叭,Adaptive-Sync,,2560*1440,HDMI(1.4)*2/DP*1/Mini DP*1,4毫秒,有(2W*2),一年,可 100x100mm,6888
ViewSonic VX3218C-2K,1H1P,1ms,VA曲面,165Hz,含喇叭,FreeSync Premium,,2560*1440 (1500R),HDMI(1.4)*1/DP*1,1毫秒(MPRT),有(2W*2),一年,可 100x100mm,6488
ViewSonic VX3219-2K-PRO-2,2H1P,0,43ms,IPS,165Hz,無喇叭,FreeSync Premium,,2560*1440,HDMI(2.0)*2/DP*1,0.43毫秒(MPRT),無,一年,可 100x100mm,8988
三星 Odyssey G5 S32CG552EC,1H1P,VA曲面,1000R,165Hz,HDR10,,2560*1440,HDMI(2.0)*1/DP(1.2)*1,1毫秒(MPRT),無,NO,可 75x75mm,FreeSync,7290
三星 Odyssey G6 S32BG650EC,2H1P,VA曲面,1000R,240Hz,含喇叭,HDR600,HDMI 2,1,智慧螢幕,2560*1440 (95% DCI-P3),HDMI(2.1)*2/DP(1.4)*1,1毫秒(GTG),有(5W*2),NO,可 100x100mm,FreeSync Premium Pro,18900
技嘉 GS32Q,2H1P,1ms,IPS,170Hz,無喇叭,FreeSync Premium,不閃頻,低藍光,2560*1440,HDMI(2.0)*2/DP(1.4)*1,1毫秒(MPRT),無,NO,可 100x100mm,6488
技嘉 GS32QC,2H1P,1ms,VA曲面,170Hz,無喇叭,FreeSync Premium,不閃頻,低藍光▼下殺到 6,23 23:59,2560*1440 (1500R),HDMI(2.0)*2/DP(1.4)*1,1毫秒(MPRT),無,NO,可 100x100mm,5618
技嘉 M32QC,2H1P1C,1ms,VA曲面,170Hz,無喇叭,Adaptive-Sync,HDR400, 內建KVM,2560*1440 (1500R/94% DCI-P3),HDMI(2.0)*2/DP(1.2)*1/USB-C *1,1毫秒(MPRT),無,NO,可 100x100mm,8800
華碩 VG32VQ1B,TUF,2H1P,1ms,VA曲面,165Hz,含喇叭,FreeSync,HDR10,廣色域電競,2560*1440 (1500R/90% DCI-P3),HDMI(2.0)*2/DP(1.2)*1,1毫秒(MPRT),有(2W*2),NO,可 100x100mm,6988
華碩 XG32VC,ROG,2H1P1C,1ms,VA曲面,170Hz,無喇叭,FreeSync,HDR400,Aura-Sync,2560*1440 (1800R/sRGB 125%/ DCI-P3 90% / ΔE < 2 ),HDMI(2.0)*2/DP(1.2)*1/USB-C,1毫秒(MPRT),無,NO,可 100x100mm,12688
華碩 ROG Strix XG32WCS,1H1P1C,VA曲面,1500R,180Hz,無喇叭,HDR400,,2560*1440 (31.5吋/90% DCI-P3),HDMI(2.0)*1/DP(1.4)*1/USB-C*1,1毫秒(GTG),無,NO,可 100x100mm,FreeSync,8990,【活動】買 華碩 XG32WCS ~送 ASUS TUF Gaming M3 Gen II 電競滑鼠 *市價$890元
華碩 ROG Strix XG32WCMS,1H1P1C,VA曲面,1500R,240Hz,無喇叭,HDR400,HDMI 2,1,,2560*1440 (31.5吋/95% DCI-P3),HDMI(2.1)*1/DP(1.4)*1/USB-C*1,1毫秒(GTG),無,NO,可 100x100mm,FreeSync,12900,【活動】買 華碩 XG32WCMS ~送 ASUS TUF Gaming M3 Gen II 電競滑鼠 *市價$890元
華碩 PA328QV,2H1P,5ms,IPS,含喇叭,Adaptive-Sync,可旋轉,調整高度,2560*1440 (100% sRGB),HDMI(2.0)*2/DP(1.2)*1,5毫秒,有(2W*2),xd,可 100x100mm,9688
華碩 PA328CGV,2H1P1C,5ms,IPS,165Hz,含喇叭,FreeSync Premium Pro,,2560*1440 (95% DCI-P3/ΔE < 2),HDMI(2.0)*2/DP(1.2)*1/USB-C *1,5毫秒,有(2W*2),三年,可 100x100mm,15888
ACER SA322QK,2H1P,4ms,VA,含喇叭,FreeSync,HDR10,,3840*2160 (31.5吋),HDMI(2.0)*2/DP(1.2)*1,4毫秒(GTG),有(1W*2),NO,可 75x75mm,7288
ACER XV322QK V3,2H1P,IPS,160Hz,含喇叭,HDR400,HDMI 2,1,可升降旋轉,3840*2160 (31.5吋/90% DCI-P3),HDMI(2.1)*2/DP(1.4)*1,1毫秒(GTG)/0.5毫秒(GTG)Min.,有(2W*2),NO,可 100x100mm,FreeSync Premium,14999,【活動】購買 ACER XV322QK V3 ~送 Future GC1光能清淨機 ~ 價值$1499元
ACER XV322QK KV,2H1P1C,0,5ms,IPS,144Hz,含喇叭,FreeSync Premium,HDMI 2,1,3840*2160 (31.5吋 90% DCI-P3),HDMI(2.1)*2*1DP(1.4)*1/USB-C,1毫秒 / 0.5毫秒(Min),有(4W*2),NO,可 100x100mm,18500
ACER XB323QK NV,2H1P1C,0,5ms,IPS,144Hz,含喇叭,Adaptive-Sync,HDMI 2,1,3840*2160 (31.5吋/90% DCI-P3),HDMI(2.1)*2/HDMI(1.4)/USB-C *1,0.5毫秒,有(4W*2),NO,可 100x100mm,18999
ACER XB323K RV,4H1P1C,0,7ms,IPS,160Hz,含喇叭,FreeSync Premium,HDR600,HDMI 2,1*尾盤,3840*2160 (32吋/95% DCI-P3),HDMI(2.1)*4/DP(1.4)*1/USB-C *1/USB3.2*4,1毫秒 / 0.7毫秒(Min),有(7W*2),NO,可 100x100mm,附 HDMI線,21500,"ACER XB323K RV 採用 友達獨家A.R.T.抗反光顯示技術,擁有防眩光及防反射特性"
ACER X32Q FS,2H1P1C,1ms,IPS,144Hz,含喇叭,FreeSync Premium Pro,HDR1000,Mini LED,HDMI 2,1【少量】,3840*2160 (31.5吋/99% AdobeRGB),HDMI(2.1)*2/DP(1.4)*1/USB-C(PD65W)*1,1毫秒 / 0.5毫秒(Min),有(3W*2),NO,可 100x100mm,22900
ACER X32 FP,4H1P1C,1ms,IPS,160Hz,含喇叭,FreeSync Premium Pro,HDR1000,Mini LED,HDMI 2,1*尾盤,3840*2160 (32吋/99% AdobeRGB),HDMI(2.1)*4/DP(1.4)*1/USB-C(PD90W)*1,1毫秒(GTG),有(7W*2),NO,可 100x100mm,29900
BenQ EW3270U,2H1P1C,4ms,VA,含喇叭,FreeSync,HDR10,保亮點,10Bit廣色域,類瞳孔,HDRi,,3840*2160 (31.5吋/10 bits+95% DCI-P3),HDMI(2.0)*2/DP/USB-C,4毫秒,有(2W*2),一年,可 100x100mm,11888
BenQ EW3280U,2H1P1C,5ms,IPS,含喇叭,FreeSync,HDR10,10Bit廣色域,類瞳孔,HDRi,,3840*2160 (31.5吋/10 bits+95% DCI-P3),HDMI(2.0)*2/DP/USB-C,5毫秒,有(speaker 2W*2 + Woofer 5W*1),NO,可 100x100mm,14888
BenQ PD3200U,1H1P1MP,4ms,IPS,含喇叭,低藍,不閃,內建KVM *尾盤優惠,3840*2160,HDMI(2.0)/DP/mDP,4毫秒,有(5W*2),NO,可 100x100mm,18888
BenQ PD3205U,1H1P1C,5ms,IPS,含喇叭,HDR10,AQCOLOR,專業設計繪圖,可翻轉,3840*2160 (31.5吋/99% sRGB),HDMI(2.0)*1/DP(1.4)*1/USB-C*1/USB3*3,5毫秒,有(2.5W*2),NO,可 100x100mm,19888
BenQ PD3220U,2H1P2C,5ms,IPS,含喇叭,HDR10,支援Thunderbolt 3連接,可高低旋轉,3840*2160 (31.5吋/95% DCI-P3),HDMI(2.0)*2/DP(1.4)*1/Thunderbolt 3*2/U3*3,5毫秒,有(2W*2),NO,可 100x100mm,36888
BenQ PD3225U,2H1P2C,5ms,IPS,含喇叭,HDR400,支援Thunderbolt 3,內建KVM *客訂,3840*2160 (31.5吋/98% DCI-P3),"HDMI(2.0)*2/DP(1.4)*1/Thunderbolt 3*2(PD85W*1,PD15W)/U3*3",5毫秒,有(2W*2),NO,可 100x100mm,39888,BenQ PD3225U 調教design mode-暗房、動畫、Cad/cam等，提供各種專業用途使用
BenQ MOBIUZ EX3210U,2H1P,1ms,IPS,144Hz,含喇叭,FreeSync Premium Pro,HDMI2,1,3840*2160 (10 bits/98% DCI-P3),HDMI(2.1)*2/DP(1.4)*1/USB 3.0*4,1毫秒(MPRT),有(2W*2+5W woofer)),NO,可 100x100mm,25988
PHILIPS Evnia 32M1N5800A,2H1P,1ms,IPS,144Hz,含喇叭,FreeSync Premium,HDR400,HDMI2,1,3840*2160 (31.5吋/87.5 Adobe RGB),HDMI(2.1)*2/DP(1.4)*1,1毫秒(GTG),有(5W*2),NO,可 100x100mm,21988
AOPEN 32S1U PRO,1H1C,21ms,VA,含喇叭,HDR10,啾密機,玫瑰金,Mini HDMI介面【客訂】,3840*2160 (31.5吋/95% DCI-P3),Mini HDMI(2.0)*1/USB-C(10W),21毫秒,有(10W*2),NO,不可,34900
DELL G3223Q,2H1P,1ms,IPS,144Hz,無喇叭,FreeSync Premium Pro,HDR600,HDMI 2,1-四年保,3840*2160 (95% DCI-P3),HDMI(2.1)*2/DP(1.4)*1,1毫秒,無,四年,可 100x100mm,19880
DELL P3223QE,1H1P1C,5ms,IPS,無喇叭,保無亮點,可調整高低,四年保,3840*2160 (10 bits/99% sRGB),HDMI(2.0)*1/DP(1.4)*1/USB-C*1/USB 3.0*4,5毫秒,無,四年,可 100x100mm,18511
DELL U3223QE,1H1P1C,5ms,IPS,無喇叭,保無亮點,可昇降旋轉,四年保,3840*2160 (10 bits/100% sRGB),HDMI(2.0)*1/DP(1.4)*1/USB-C(90W)*1/USB 3.0*4,5毫秒,無,四年,可 100x100mm,29800
DELL Alienware AW3225QF,2H1P,0,03ms,QD-OLED曲面,240Hz,無喇叭,G-SYNC兼容,HDMI 2,1,3840*2160 (1700R/99% DCI-P3),HDMI(2.1)*2/DP(1.4)*1/USB-C*1/USB 3.0*3,0.03毫秒(GTG),無,三年,可 100x100mm,39900
MSI G321CUV,2H1P,4ms,VA曲面,1500R,不閃屏,低藍光,曲面電競顯示器,3840*2160 (31.5吋/97% sRGB),HDMI(2.0)*2/DP(1.2)*1,4毫秒(GTG),無,NO,可 100x100mm,8888
MSI G321CU,2H1P1C,VA曲面,1500R,144Hz,HDMI 2,1,曲面電競顯示器,3840*2160 (31.5吋/91% DCI-P3),HDMI(2.1)*2/DP(1.4)*1/USB-C*1,1毫秒(MPRT),無,NO,可 100x100mm,FreeSync Premium,13900
MSI MAG 321CUP,2H1P1C,VA曲面,1500R,160Hz,HDR400,HDMI 2,1,,3840*2160 (31.5吋/91% DCI-P3),HDMI(2.1)*2*1DP(1.4)*1/USB-C *1,1毫秒(MRRT),無,NO,可 100x100mm,Adaptive-Sync,14900
MSI MAG 323UPF,2H1P1C,IPS,160Hz,HDR600,HDMI2,1,可升降,3840*2160 (95% DCI-P3),HDMI(2.1)*2*1DP(1.4)*1/USB-C(90W)*1,1毫秒(GTG),無,NO,可 100x100mm,FreeSync Premium Pro,16562
LG 32UR500-B,2H1P,4ms,VA,含喇叭,FreeSync,HDR10,高畫質編輯顯示器▼下殺到 6,30 23:59,3840*2160 (90% DCI-P3),HDMI(2.0)*2/DP(1.4)*1,4毫秒,有(5W*2),NO,可 100x100mm,8490
LG 32SR83U-W,2H2C,5ms,IPS,含喇叭,智慧型顯示器搭載 webOS,3840*2160 (95% sRGB),HDMI(1.4)*2/USB-C*2,5毫秒,有(5W*2),NO,可 100x100mm,15900
LG 32UN880-B,2H1P1C,5ms,IPS,含喇叭,FreeSync,HDR10,Ergo支架,3840*2160(31.5吋/95% DCI-P3),HDMI*2/DP*1/USB-C,5毫秒,有(5W*2)MAXXAUDIO,NO,可 100x100mm,18900
LG 32UQ85RV-W,2H1P1C,IPS,含喇叭,HDR400,可昇降旋轉,內附可拆卸校色器,3840*2160 (31.5吋/98% DCI-P3/FreeSync),HDMI(2.0)*2/DP(1.4)*1/USB-C(90W)*1,5毫秒(GTG),有(5W*2),NO,可 100x100mm,19900
LG 32GR93U-B,2H1P,1ms,IPS,144Hz,無喇叭,FreeSync Premium Pro,HDR400,HDMI 2,1,3840*2160(31.5吋/95% DCI-P3),HDMI(2.1)*2/DP(1.4)*1/USB 3.0*2,1毫秒(GTG),無,NO,可 100x100mm,19900
LG 32GQ950-B,2H1P,1ms,NanoIPS,144Hz,無喇叭,FreeSync Premium Pro,HDR1000,HDMI 2,1,3840*2160 (31.5吋 98% DCI-P3),HDMI(2.1)*2*1DP(1.4)*1/USB 3.0*2,1毫秒(GTG),無,NO,可 100x100mm,27900
三星 Smart M7 S32BM702UC,2H1C,VA,含喇叭,WiFi5,BT5,2,智慧螢幕,3840*2160,HDMI(2.0)*2/USB-C(65W)*1,4毫秒(GTG),有(5W*2),NO,可 100x100mm,9900
三星 Smart M7 S32BM703UC,2H1C,VA,含喇叭,WiFi5,BT5,2,白色,智慧螢幕,3840*2160,HDMI(2.0)*2/USB-C(65W)*1,4毫秒(GTG),有(5W*2),NO,可 100x100mm,9900
三星 U32R591CWC,1H1P,VA曲面,1500R,白色,低藍光,PBP分割畫面,3840*2160 (31.5吋/103% sRGB),HDMI(2.0)*1/DP(1.2)*1,4毫秒(GTG),無,NO,不可,7990
三星 Odyssey G7 S32BG700EC,2H1P,IPS,144Hz,含喇叭,HDR400,HDMI 2,1,智慧螢幕,3840*2160 (95% DCI-P3),HDMI(2.1)*2/DP 1.4*1,1毫秒(GTG),有(5W*2),NO,可 100x100mm,FreeSync Premium Pro,25900
三星 Odyssey G8 S32BG850NC,2H1P,VA曲面,1000R,240Hz,HDR2000,HDMI 2,1,白色,Mini LED,3840*2160 (95% DCI-P3),HDMI(2.1)*2/DP(1.4)*1,1毫秒(GTG),無,NO,可 100x100mm,FreeSync Premium Pro,28500
技嘉 M32U,2H1P1C,1ms,IPS,144Hz,含喇叭,HDR400, HDMI 2,1機種,KVM,3840*2160 (31.5吋),HDMI(2.1)*2/DP(1.4)(DSC)*1/USB-C*1,1毫秒(MPRT),有(3W*2),NO,可 100x100mm,20990
技嘉 M32U AE,2H1P1C,1ms,IPS,144Hz,含喇叭,FreeSync Premium Pro,HDR400,HDMI 2,1【少量】,3840*2160 (31.5吋/90% DCI-P3),HDMI(2.1)*2/DP(1.4)(DSC)*1/USB-C 18W*1,1毫秒(MPRT),有(3W*2),NO,可 100x100mm,20840
技嘉 AORUS FO32U2,2H1P1C,OLED,240Hz,含喇叭,HDR400,HDMI 2,1,,3840*2160 (31.5吋/99% DCI-P3),HDMI(2.1)*2/DP(1.4)*1/USB-C*1,0.03毫秒(GTG),有(5W*2),NO,可 100x100mm,FreeSync Premium Pro,32900,【活動】購買 技嘉 FO32U2 ~加贈 32吋原廠專屬螢幕保護套 ~ *數量有限.送完為止...
華碩 VP327Q,2H1P,4ms,VA,含喇叭,Adaptive-Sync,HDR10,低藍光,不閃屏,3840*2160 (99% sRGB),HDMI(2.0)*1/DP(1.2)*1,4毫秒,有(2W*2),NO,可 100x100mm,7828
華碩 VP32UQ,1H1P,4ms,IPS,含喇叭,Adaptive-Sync,HDR10,薄邊框,低藍光,不閃屏,3840*2160 (100% sRGB),HDMI(2.0)*1/DP(1.2)*1,4毫秒,有(2W*2),NO,可 100x100mm,8880
華碩 VG32UQA1A,TUF,2H1P,1ms,VA,144Hz,含喇叭,Freesync Premium,HDR400,HDMI 2,1,3840*2160 (120% sRGB),HDMI(2.1)*2/DP(1.4)(DSC)*1/USB 3.2 Gen 1*2,1毫秒(MPRT),有(2W*2),NO,可 100x100mm,13888,【活動】買華碩 VG32UQA1A ~加送 ASUS TUF Gaming H1 電競耳機(黑) *價值$990元
華碩 XG32UQ,2H1P,1ms,IPS,160Hz,無喇叭,G-SYNC兼容, HDMI 2,1 機種,3840*2160 (130% sRGB),HDMI(2.1)*2/DP(1.4)(DSC)*1/USB 3.0*2,1毫秒(GTG),無,NO,可 100x100mm,19488
華碩 PG32UQXR,2H2P,1ms,IPS,160Hz,無喇叭,FreeSync Premium Pro,HDR1000,HDMI 2,1,Mini LED,3840*2160 (96% DCI-P3),HDMI(2.1)*2/DP(2.1)*2/USB 3.0*2,1毫秒(GTG),無,一年,可 100x100mm,39091
華碩 PG32UCDM,2H1P1C,0,03ms,OLED,240Hz,無喇叭,FreeSync Premium Pro,HDMI 2,1【限量】,3840*2160 (99% DCI-P3),HDMI(2.1)*2/DP(1.4)(DSC)*1/USB-C(90W)*1/USB3.2*3,0.03毫秒(GTG),無,一年,可 100x100mm,39888
華碩 PA329CRV,2H2P1C,5ms,IPS,含喇叭,Delta E值小於2,支援USB-C 96瓦,3840*2160 (99% DCI-P3),HDMI(2.0)*2/DP(1.4)*2/USB-C*1,5毫秒,有 (2W*2),三年,可 100x100mm,17988
華碩 PA32UCXR,2H1P2C,5ms,IPS,含喇叭,HDR10,支援Thunderbolt 4,Mini-LED【客訂】,99000
LG 34WQ500-B,1H1P,1ms,IPS,100Hz,無喇叭,FreeSync,HDR400,支援智慧螢幕操作▼下殺到 6,30 23:59,2560*1080 (99% sRGB),HDMI(1.4)1/DP(1.4)*1,1毫秒(MBR),無,NO,可 100x100mm,6990
ACER ED343CUR H,2H2P,1ms,VA曲面,100Hz,含喇叭,Adaptive-Sync,HDR10,,3440*1440 (1000R/90% ADOBE RGB),HDMI(2.0)*2/DP(1.2)*2,1毫秒(VRB),有(3W*2),NO,6999
ACER ED343CUR V3,2H2P,0,5ms,VA曲面,180Hz,含喇叭,FreeSync Premium,HDR10,【少量】,3440*1440 (1000R/90% ADOBE RGB),HDMI(2.0)*2/DP(1.4)*2,1毫秒 / 0.5毫秒(Min),有(3W*2),NO,可 100x100mm,7888
ACER XV345CUR V3,1H1P1C,0,5ms,VA曲面,180Hz,含喇叭,FreeSync Premium,HDR10,,3440*1440 (1000R/90% ADOBE RGB),HDMI(2.0)*1/DP(1.4)*1/USB-C(65W)*1,1毫秒 / 0.5毫秒(Min),有(3W*2),NO,可 100x100mm,9999
ACER XZ342CU P,2H1P,1ms,VA曲面,144Hz,含喇叭,FreeSync Premium,HDR400, *尾盤,3440*1440 (1500R/72% NTSC),HDMI(2.0)*2/DP(1.4)*1,1毫秒(VRB),有(2W*2),NO,可 100x100mm,8699
ACER XZ342CU S3,2H2P,1ms,VA曲面,180Hz,含喇叭,FreeSync Premium,HDR400,,3440*1440 (1500R/90% DCI-P3),HDMI(2.0)*2/DP(1.4)*2,1毫秒(VRB),有(2W*2),NO,可 75x75mm,9999
ACER CZ342CUR V,1H1P1C,0,5ms,VA曲面,180Hz,含喇叭, FreeSync Premium,HDR10,,3440*1440 (1000R/90% ADOBE RGB),HDMI(2.0)*1/DP(1.4)*1/USB-C(65W)*1,1毫秒 / 0.5毫秒(Min),有(3W*2),NO,可 100x100mm,9999
ACER X34 V3,2H1P1C,VA曲面,1500R,180Hz,含喇叭,HDR1000,MiniLED,3440*1440 (94% DCI-P3),HDMI(2.0)*2/DP(1.4)*1/USB-C(90W)*1,1毫秒(GTG),有(5W*2),NO,可 100x100mm,FreeSync Premium,21999,【活動】買 X34 V3 ~送 Razer 電競組合包(Ornata V3X鍵盤+Essential滑鼠+BlackShark V2 X耳機)
ACER X34 X,2H1P1C,OLED曲面,800R,240Hz,含喇叭,HDR400,HDMI 2,1,,3440*1440 (800R/99% DCI-P3),HDMI(2.1)*2/DP(1.4)*1/USB-C(90W)*1,0.01毫秒(PRT),有(5W*2),一年,可 100x100mm,FreeSync Premium Pro,33999
BenQ MOBIUZ EX3410R,2H1P,1ms,VA曲面,144Hz,含喇叭,FreeSync Premium Pro,HDR400,,3440*1440 (1000R/90% DCI-P3),HDMI(2.0)*2/DP(1.4)*1/USB-C(90W)*1/USB3.2*2,1毫秒(MPRT),有(2W*2+Woofer 5W*1),一年,可 100x100mm,14888
【主機搭購】BenQ MOBIUZ EX3410R,2H1P,1ms,VA曲面,144Hz,含喇叭,FreeSync Premium Pro,HDR400,,3440*1440 (1000R/90% DCI-P3),HDMI*2/DP*1,1毫秒(MPRT),有(2W*2+Woofer 5W*1),一年,可 100x100mm,12888
PHILIPS 34M2C8600,2H1P1C,0,03ms,OLED曲面,175Hz,含喇叭,FreeSync Premium Pro,【客訂】▼下殺到 6,30 23:59,29800
AOC CU34G2XP,2H2P,1ms,VA曲面,180Hz,無喇叭,Adaptive-Sync,HDR400,支援PIP,PBP▼下殺到 6,30 23:59,3440*1440 (1500R/96% DCI-P3),HDMI(2.0)*2/DP(1.4)*2,1毫秒,無,NO,可 100x100mm,7618
DELL P3424WE,1H1P1C,5ms,IPS曲面,無喇叭,支援RJ45網路,集線器曲面顯示器,3440*1440 (3800R/99% sRGB),HDMI*1/DP*1/USB-C*1(90W),5毫秒,無,NO,可 100x100mm,28888
LG 34GP63A-B,2H1P,1ms,VA曲面,160Hz,含喇叭,FreeSync Premium,曲面電競顯示器【少量】,3440*1440 (1800R/99% sRGB/FreeSync Premium),HDMI*2/DP(1.4)*1,1毫秒(MBR),有(7W*2),NO,可 100x100mm,9900
LG 34GS95QE-B,2H1P,OLED曲面,800R,240Hz,無喇叭,HDR400,二年保,HDMI 2,1,,3440*1440 (98.5% DCI-P3/G-SYNC/FreeSync),HDMI(2.1)*2/DP(1.4)*1,0.03毫秒(GTG),無,NO,可 100x100mm,38900
技嘉 GS34WQC,2H1P,1ms,VA曲面,120Hz,無喇叭,FreeSync Premium,低藍光,不閃頻,3440*1440 (1500R/120% sRGB),HDMI(2.0)*2/DP(1.4)*1,1毫秒(MPRT),無,NO,可 100x100mm,8990
技嘉 M34WQ,2H1P1C,1ms,IPS,144Hz,含喇叭,Adaptive-Sync,可調高度,傾斜,3440*1440 (117% sRGB),HDMI(2.0)*2/DP(1.4)(DSC)*1/USB-C*1,1毫秒(MPRT),有(3W*2),NO,可 100x100mm,14540
技嘉 MO34WQC2,2H1P1C,OLED曲面,1800R,240Hz,含喇叭,HDMI 2,1,HDR400,,3440*1440 (99% DCI-P3),HDMI(2.1)*2/DP(1.4)*1/USB-C*1,0.03毫秒(GTG),有(3W*2),NO,可 100x100mm,29900,〈官網〉購買 技嘉 MO34WQC2 ~官網登錄送 AORUS H1 耳機~ 活動以官方公告為主 ~7/15止
MSI PRO MP341CQW,2H1P,1ms,VA曲面,100Hz,含喇叭,低藍光,不閃頻,白色▼下殺到 6,23 23:59,3440*1440 (1500R/116.25% sRGB),HDMI(2.0b)*2/DP(1.2a)*1,1毫秒(MPRT),有(2W*2),NO,可 100x100mm,7990
MSI MAG342CQPV,2H1P,VA曲面,1500R,100Hz,窄邊框,不閃屏,可升降,3440*1440 (87% ADOBE RGB),HDMI(2.0)*1/HDMI(1.4)*1/DP(1.2)*1,1毫秒(MPRT),無,NO,可 75x75mm,Adaptive-Sync,7990
MSI MAG 345CQR,2H1P,VA曲面,1000R,180Hz,不閃屏,電競曲面螢幕,3440*1440 (95% DCI-P3),HDMI(2.0)*2/DP(1.4)*1,1毫秒(MPRT),無,NO,可 100x100mm,Adaptive sync,12900
MSI MAG 341CQP QD-OLED,2H1P1C,OLED曲面,1800R,175Hz,HDR400,HDMI 2,1,,3440*1440 (99% DCI-P3),HDMI(2.1)*2/DP(1.4)*1/USB-C*1,0.03毫秒(MPRT),無,NO,可 100x100mm,Adaptive-Sync,29302
MSI MPG 341CQPX QD-OLED,2H1P1C,OLED曲面,1800R,240Hz,HDR400,HDMI 2,1,,3440*1440 (34.18吋/99% DCI-P3),HDMI(2.1)*2/DP(1.4)*1/USB-C(98W)*1,0.03毫秒(GTG),無,NO,可 100x100mm,Adaptive-Sync,36900
MSI MEG 342C QD-OLED,2H1P1C,OLED曲面,1800R,175Hz,HDR400,HDMI 2,1,,3440*1440 (34.18吋/99% DCI-P3),HDMI(2.1)*2/DP(1.4)*1/USB-C(65W)*1,0.03毫秒(GTG),無,NO,可 100x100mm,FreeSync Premium Pro,33900
三星 S6 S34A650UBC,1H1P1C,VA曲面,1000R,100Hz,HDR10,低藍光,零閃屏 ,16900,3440*1440,HDMI(2.0)*1/DP(1.2)*1/USB-C(90W)*1,5毫秒,無,NO,可 100x100mm,FreeSync,11500
三星 ViewFinity S6 S34C652UAC,1H1P1C,VA曲面,1000R,100Hz,含喇叭,HDR10,,3440*1440 (115% sRGB),HDMI(2.0)*1/DP(1.2)*1/USB-C(90W)*1,5毫秒,有(5W*2),NO,可 100x100mm,FreeSync,13490
三星 Odyssey G5 C34G55TWWC,1H1P,VA曲面,1000R,165Hz,HDR10,,3440*1440,HDMI(2.0)*1/DP(1.4)*1,1毫秒(MPRT),無,NO,可 75x75mm,FreeSync Premium,9900
三星 Odyssey G8 S34BG850SC,1H1P2C,OLED曲面,1800R,175Hz,含喇叭,HDR400,HDMI 2,1,智慧螢幕,3440*1440 (99% DCI-P3),Micro HDMI(2.1)*1/Mini-DP*1/USB-C(65W)*2,0.03毫秒(GTG),有(5W*2),NO,可 100x100mm,FreeSync Premium Pro,32242
華碩 VG34VQL3A,TUF,2H2P,1ms,VA曲面,180Hz,含喇叭,Freesync Premium Pro,HDR400,,3440*1440 (1500R),HDMI(2.0)*2/DP(1.4)*2,1毫秒(GTG),有(2W*2),NO,可 100x100mm,9680
華碩 PA34VCNV,2H2P1C,5ms,IPS曲面,含喇叭,Adaptive-Sync,HDR10,曲面專業顯示器,3440*1440 (3800R),HDMI(2.0)*2/DP(1.4)*2/USB-C(DP Alt Mode)*1,5毫秒(GTG),有(2W*2),NO,可 100x100mm,17433
MSI Optix MEG381CQR Plus,2H1P,IPS曲面,2300R,175Hz,HDR600,可升降,3840*1600(37.5吋/96% DCI-P3),HDMI(2.0)*2/DP(1.4)*1,1毫秒,無,NO,可 100x100mm,G-Sync Ultimate,19990
華碩PG38UQ,2H1P,1ms,Fast IPS,144Hz,含喇叭,FreeSync Premium Pro,HDR600,HDMI 2,1【少量】,3840*2160 (98% DCI-P3),HDMI(2.1)*2/DP(1.4)(DSC)*1,1毫秒(GTG),有(5W*2),一年,可 100x100mm,28992
ACER X39,2H1P1C,OLED曲面,800R,240Hz,含喇叭,HDR400,HDMI 2,1,,3440*1440 (800R/99% DCI-P3),HDMI(2.1)*2/DP(1.4)*1/USB-C(90W)*1,0.01毫秒(PRT),有(5W*2),一年,可 100x100mm,FreeSync Premium Pro,38999
MSI MAG401QR,2H1P1C,IPS,155Hz,HDR400,Esports電子競技專用電競機種,3440*1440 (94% DCI-P3),HDMI(2.0)*2/DP(1.4)*1/USB-C(65W)*1,1毫秒(MPRT),無,NO,可 100x100mm,Adaptive Sync,16393
PHILIPS 42M2N8900,2H1P1C,0,1ms,OLED,138Hz,含喇叭,Adaptive-Sync,HDMI 2,1【客訂】▼下殺到 6,30 23:59,3840*2160 (98.5% DCI-P3),HDMI(2.1)*2/DP(1.4)*1/USB-C*1,0.1毫秒(GTG),有(10W*2),NO,可 100x100mm,32888
ACER X45,2H1P1C,0,03ms,OLED曲面,240Hz,含喇叭,FreeSync Premium,調整高低,傾斜,3440*1440 (800R/99% DCI-P3),HDMI(2.0)*2/DP(1.4)*1/USB-C 90W*1,0.03毫秒,有(5W*2),一年,可 200*100mm,44900
AOC AG456UCZD,2H1P1C,0,03ms,OLED曲面,240Hz,含喇叭,Adaptive-Sync,【客訂】,3440*1440 (800R/98.5% DCI-P3),HDMI(2.0)*2/DP(1.4)*1/USB-C 90W*1,0.03毫秒,有(8W*2),NO,可 100x100mm,49999
AOC AG485UD2 ,2H1P1C,0,1ms,OLED,138Hz,含喇叭,Adaptive-Sync,HDMI 2,1【客訂】,3840*2160 (103% DCI-P3),HDMI(2.1)*1/HDMI(2.0)*1/DP(1.4)*1/USB-C(90W)*1,0.1毫秒(GTG),有(10W*2),NO,可 100x100mm,42999
LG 48GQ900-B,3H1P,0,1ms,OLED,138Hz,含喇叭,FreeSync Premium,HDMI 2,1,兩年保,3840*2160 (99% DCI-P3),HDMI(2.1)*3/DP(1.4)*1/USB3*2,0.1毫秒(GTG),有(20W*2),NO,可 300*200mm,29666
技嘉 FO48U,2H1P,1ms,OLED,120Hz,含喇叭,FreeSync Premium,HDR10,HDMI 2,1,3840*2160 (47.53吋/98% DCI-P3),HDMI(2.1)*2/DP(1.4)(DSC)*1/USB-C*1,1毫秒,有(15W*2)+(20W*1),一年,可 300*300mm,29400,〈官網〉購買 技嘉 FO48U ~官網登錄送 AORUS H1 耳機~ 活動以官方公告為主 ~7/15止
華碩 XG49VQ,ROG,2H1P,4ms,VA曲面,144Hz,含喇叭,FreeSync 2,HDR400,專業電競,3840*1080 (1800R/90% DCI-P3),HDMI(2.0)*2/DP,4毫秒,有(5W*2),NO,可 100x100mm,19195
PHILIPS 498P9Z,3H1P,4ms,VA曲面,165Hz,Adaptive-Sync,HDR400,內建KVM▼下殺到 6,30 23:59,5120*1440 (48.8吋/91% DCI-P3/1800R),HDMI(2.0)*3/DP(1.4)/USB 3.2*4,4毫秒,有(5W*2),NO,可 100x100mm,26980
LG 49GR85DC-B,2H1P,1ms,VA曲面,240Hz,FreeSync Premium Pro,HDR1000,HDMI 2,1,2年保,,5120*1440 (49吋/95% DCI-P3/1000R),HDMI(2.1)*2/DP(1.4)*1/U3*2,1毫秒,無,NO,可 100x100mm,35900
MSI MPG 491CQP QD-OLED,2H1P1C,OLED曲面,1800R,144Hz,HDR400,HDMI 2,1,,5120*1440 (99% DCI-P3),HDMI(2.1)*2/DP(1.4)*1/USB-C(90W)*1,0.03毫秒,無,NO,可 100x100mm,Adaptive-Sync,36900
三星 Odyssey G9 S49CG934SC,2H1P,OLED曲面,1800R,240Hz,含喇叭,HDR400,HDMI 2,1,,5120*1440 (99% DCI-P3),HDMI(2.1)*1/Micro HDMI(2.1)*1/DP(1.4)*1,0.03毫秒(GTG),有(5W*2),NO,可 100x100mm,FreeSync Premium Pro,36900
三星 Odyssey G9 S49CG954SC,2H1P,OLED曲面,1800R,240Hz,含喇叭,HDR400,HDMI 2,1,AI智慧螢幕,5120*1440 (99% DCI-P3),HDMI(2.1)*1/Micro HDMI(2.1)*1/DP(1.4)*1,0.03毫秒(GTG),有(5W*2),NO,可 100x100mm,FreeSync Premium Pro,54900
華碩 XG49WCR,ROG,1H1P1C,1ms,VA曲面,165Hz,含喇叭,Adaptive-Sync,HDR400,ELMB Sync,5120*1440 (1800R/90% DCI-P3),HDMI(2.0)*1/DP DSC(1.4)/USB-C/USB 3.2 Gen 1*3,1毫秒(MPRT),有(5W*2),NO,可 100x100mm,29888
華碩 PG49WCD,ROG,1H1P1C,0,03ms,OLED曲面,144Hz,無喇叭,FreeSync Premium Pro,HDMI2,1,兩年保,5120*1440 (1800R/90% DCI-P3),HDMI(2.1)*1/DP DSC(1.4)*1/USB-C(90W)*1,0.03毫秒(GTG),無,一年,可 100x100mm,43888
三星 Odyssey Ark S55CG970NC,3H1P,VA曲面,1000R,165Hz,含喇叭,HDMI 2,1,AI智慧螢幕【客訂】,3840*2160 (95% DCI-P3),HDMI(2.1)*2/HDMI(2.0)*1/DP(1.4)*1,1毫秒(GTG),有(60W),NO,可 200x200mm,FreeSync Premium Pro,99800,買三星 Odyssey ARK Mini LED S55CG970NC 享免費到府安裝服務
三星 Odyssey G9 S57CG952NC,3H1P,VA曲面,1000R,240Hz,HDR1000,HDMI 2,1,白色,Mini LED【客訂】,7680*2160 (95% DCI-P3),HDMI(2.1)*3/DP(2.1)*1,1毫秒(GTG),無,NO,可 100x100mm,FreeSync Premium Pro,69900,買三星 Odyssey Neo G9 Mini LED S57CG952NC 享免費到府安裝服務
ACER UT222Q,21,5吋,IPS,5ms,1000:1,含喇叭,1A1H1P,10點觸控,1920*1080 (10點觸控),D-Sub*1/HDMI(1.4)*1/DP(1.2)*1,5毫秒(GTG),有(2W*2),可 100x100 mm,FreeSync,7499
AOPEN 16PM1Q B可攜式顯示器,15,6吋,,1920*1080 IPS,,4ms,USB-C,Mini HDMI,,1920*1080,Mini HDMI / USB-C*2,有(1W)*2,2990
MNN HSD156P1 V1可攜式顯示器,15,6吋,IPS,1000:1,含喇叭,1mH2C,,1920*1080,Mini HDMI*1/USB-C*2,有(1W)*2,2999
LG gram+view 16MR70 ,16吋,,2560x1600 IPS,,1200:1,,USB-C,,2560*1600 (99% DCI-P3),USB-C*2 (DP Alt Mode*1),9900
MSI PRO MP161 E2 商務隨身螢幕,15,6吋,,1920*1080 IPS,,800:1,,USB-C,,1920*1080,Mini HDMI*1 / USB-C*2,有(1.5W)*2,4990
ViewSonic VG1655可攜式,15,6吋,,1920*1080 IPS,,800:1,6,5ms,,USB-C,,Mini HDMI,,1920*1080,Mini HDMI / USB-C*2,有(0.8W)*2,金屬機身&鋁合金立架,5688
ViewSonic TD1655觸控螢幕,15,6吋,,1920*1080 IPS,,800:1,6,5ms,,10點電容式觸控,,1920*1080 (10點觸控),Mini HDMI / USB-C*2,7652
ViewSonic VP16-OLED可攜式專業,15,6吋,,1920*1080 OLED,,1ms,,USB-C,【少量】,1920*1080,Micro HDMI / USB-C*2,有(1W)*2,12988
ViewSonic TD2465觸控螢幕,23,8吋,,1920*1080 VA,,3000:1,7ms,,10點電容式觸控,,1920*1080,D-Sub*1/HDMI(1.4)*1/DP*1,有(2W)*2,9988,ViewSonic TD2465觸控螢幕〈支援濕手及手套使用〉〈支援筆尖觸控及防手掌誤觸功能〉
華碩 MB14AC [ZenScreen]可攜式,14,1吋,,1920*1080 IPS,,700:1,5ms,,USB-C,,1920*1080,訊號輸入USB-C,低藍光.不閃屏,5988
華碩 PA148CTV[ProArt Display]可攜式,14吋,,1920*1080 IPS,,700:1,5ms,,1920*1080,Mini HDMI / USB-C*2,ΔE < 2,9398
華碩 MB166C[ZenScreen]可攜式,15,6吋,,1920*1080 IPS,,800:1,5ms,,USB-C,,1920*1080,訊號輸入USB-C,低藍光.不閃屏,3869
華碩 MB166CR[ZenScreen]可攜式,15,6吋,,1920*1080 IPS,,800:1,5ms,,USB-C,,1920*1080,訊號輸入USB-C,低藍光.不閃屏,360度支架,4990
華碩 MB16ACV[ZenScreen]可攜式,15,6吋,,1920*1080 IPS,,800:1,5ms,,USB-C,,1920*1080,訊號輸入USB-C,低藍光.不閃屏.抗菌處理,4988
華碩 MB16AHV[ZenScreen]可攜式,15,6吋,,1920*1080 IPS,,800:1,5ms,,USB-C,Mini HDMI,,1920*1080,Mini HDMI*1 / USB-C*2,低藍光.不閃屏.抗菌處理,5988
華碩 MB16AHG[ZenScreen],15,6吋,,1920*1080 IPS,144Hz,,1200:1,3ms,,USB-C,,1920*1080,Micro HDMI / USB-C*2(DP Alt Mode),低藍光.不閃屏,7749
華碩 MB16AMTR[ZenScreen]觸控可攜式,15,6吋,,1920*1080 IPS,,700:1,5ms,,USB-C,,1920*1080 (10點觸控),Mini HDMI / USB-C*2(DP Alt Mode),有(1W)*2,內建電池 7800mAh,9288
華碩 MB16AWP[ZenScreen GO],15,6吋,,1920*1080 IPS,,1200:1,5ms,,USB-C,,Mini HDMI,,1920*1080,Mini HDMI / USB-C,低藍光.不閃屏,內建電池,12388
華碩 MQ16AH[ZenScreen OLED],15,6吋,,1920*1080 OLED,,1000000:1,1ms,,USB-C,,1920*1080 (100% DCI-P3),Mini HDMI / USB-C*2(DP Alt Mode),低藍光.不閃屏.ΔE < 2,9988
華碩 MB16QHG[ZenScreen],15,6吋,,2560*1600 IPS,120Hz,,1200:1,5ms, 【少量】,2560*1600 (100% DCI-P3),HDMI(2.0) / USB-C*2,HDR 400.低藍光.不閃屏,10573
華碩 PA169CDV[ProArt Display]觸控可攜式,15,6吋,,3840*2160 IPS,,15000:1,10ms,,USB-C,,3840*2160 (100% sRGB),HDMI(2.0) / USB-C*1,低藍光.不閃屏.ΔE < 2,29500
華碩 MB17AHG[ZenScreen],17,3吋,,1920*1080 IPS,144Hz,,800:1,5ms,,USB-C,,HDMI,【少量】,1920*1080,HDMI(1.4) / USB-C*2,低藍光.不閃屏,9592
華碩 XG17AHP[ROG STRIX]電競,17,3吋,,1920*1080 IPS,240Hz,,1000:1,3ms,,1920*1080,Micro HDMI / USB-C*2,零眩光.護眼/支援Adaptive-Sync,內建電池 7800mAh,16768
華碩 MB229CF[ZenScreen],21,5吋,,1920*1080 IPS,,1000:1,5ms,支援三種支架模組,1920*1080,HDMI(1.4) / USB-C*1,有(1.5W)*2,附整合式攜行手把/可折疊支架/具Z軸調整功能C型夾,7990
華碩 MB249C[ZenScreen],23,8吋,,1920*1080 IPS,,1000:1,5ms,支援三種支架模組,1920*1080,HDMI(1.4) / USB-C*1,有(1W)*2,附整合式攜行手把/可折疊支架/具Z軸調整功能C型夾,9900
ASUS ZenBeam Latte L1 無線藍牙行動投影機 ,720P,1920x1080,300流明,,1920*1080 (FHD),HDMI、USB-A,有(2x5W),DLP 投影系統,8888
ASUS ZenBeam L2 可攜式LED投影機 ,1080P,1920x1080,960流明, *附 Android TV BOX,1920*1080 (FHD),HDMI、USB-C*1(DP Alt Mode)/C*1/A*1,有(10W),DLP 投影系統,19990,買華碩 L2 投影機，送 Gigastone【10000mAh】QP-10200B 行動電源
BenQ WiT ScreenBar 螢幕智能掛燈 , 環境光感應器,偵測桌面照度 *尾盤,2990
BenQ WiT ScreenBar Halo 螢幕智能掛燈 ,自動補光,無線控制 , 支援曲面螢幕,3990
BenQ ScreenBar Pro 螢幕智能掛燈 ,入席偵測自動開關燈,自動補光,支援曲面螢幕,黑色,4290
BenQ ScreenBar Pro 螢幕智能掛燈 ,入席偵測自動開關燈,自動補光,支援曲面螢幕,銀色,4290
Raymii RTOP-129 可調節式鋁合金增高支架 , 閱讀、筆電、平板皆可用 , 承重5kg,1299
Raymii R17 六段式隨身折疊鋁合金筆電架 , 通用於17吋以下筆電 , 折疊式設計 , 黑色,449
Raymii R17 六段式隨身折疊鋁合金筆電架 , 通用於17吋以下筆電 , 折疊式設計 , 銀色,449
Raymii R64 六段式 鋁合金筆電折疊增高支架 , 適用15,6吋以下筆電、平板 , 銀色,599
Raymii R64 六段式 鋁合金筆電折疊增高支架 , 適用15,6吋以下筆電、平板 , 灰色,599
Raymii R128 可調整式鋁合金筆電增高架 , 承載10KG , 支援15,6吋筆電 , 銀,1100
Raymii RR-79 可升降鋁合金筆電架 , 增高架 , 筆電支架 , 承載8KG , 支援15,6吋筆電,1449
華碩 ROG Ergo Monitor Arm AAS01 ,單螢幕,夾桌,機械彈簧,承載11,5KG,支援最大39吋,,5988
微星 MSI MAG-MT81 ,單螢幕 , 夾桌式 , 氣壓桿, 承重 8KG,1950
微星 Ergo Flex ,雙螢幕 , 夾桌式 , 氣壓式 , 17~27吋,承重8KG,2590
FOGIM TKLA-6033C1-S,三螢幕 , 夾桌, 懸臂式, 承載30KG , 台製終保,尾盤,990
Cougar DUO35 ,雙螢幕 , 穿夾兩用 , 氣壓式, 承重20KG , USB3,0*2 , 24~35 吋,3800
Raymii OA1 鋁合金電腦桌手臂支撐架 , 六段可調整 , 專業人體工學設計,849,托盤可360°旋轉，有效避免手臂懸空，適合不同姿勢需求。
Raymii OS5,單螢幕 , 夾桌式 , 關節式, 承載10KG , 10-32吋 , 基本款支架,899
Raymii MH2,單螢幕 , 屏風懸掛式 , 關節式, 承載8KG , 13-34吋 , 適合辦公室螢幕支架,949
Raymii MH1 ,單螢幕,桌上型,關節式,承載8KG,15-32吋,360度環繞旋轉，方便橫看，豎看,995
Raymii LH2 ,單螢幕,桌上型立式,承載8KG , 15-32吋 , 360度環繞旋轉，方便橫看，豎看,1100
Raymii LS28 ,雙螢幕,桌上型立式,承載7KG , 17-27吋 , 360度環繞旋轉，方便橫看，豎看,2099
Raymii LS10 ,單螢幕 , 穿夾兩用 , 氣壓式, 承載9KG , 17-32吋,999
Raymii OS6 ,單螢幕 , 夾桌式 , 關節式 , 雙延伸臂, 承載10KG , 10-32吋 , 鋁合金懸臂,1050
Raymii VS5 ,單螢幕 , 穿夾兩用 , 關節式 , 雙延伸臂, 承載8KG , 15-32吋 , 黑色,1349
Raymii VS1 ,單螢幕 , 鎖牆面 , 氣壓式 , 雙延伸臂, 承載 8KG , 15-32吋,1699
Raymii VS59 ,單螢幕 , 穿夾兩用 , 氣壓式, 承載12KG , 13-36吋 , 鋁合金支架 , 黑色,2099
Raymii VS59 ,單螢幕 , 穿夾兩用 , 氣壓式, 承載12KG , 13-36吋 , 鋁合金支架 , 白色,2099
Raymii LSU-7 ,單螢幕,穿夾兩用,機械彈簧,承載8KG,17-32吋,USB3,0,亞麻布質感設計,黑,2190
Raymii L-U9-1M ,單螢幕 , 穿夾兩用 , 機械彈簧, 承載10KG , 17-32吋 , USB3,0 , TYPE C,2000
Raymii HALO-1M1 黑色 ,單螢幕 , 穿夾兩用 , 氣壓式, 承載20KG , 15-42吋 , USB3,0*2,,2399
Raymii HALO-1M1 白色 ,單螢幕 , 穿夾兩用 , 氣壓式, 承載20KG , 15-42吋 , USB3,0*2,,2399
Raymii VADER LS61-M1 RGB 黑色 ,單螢幕 , 穿夾兩用 , 氣壓式, 承載20KG , 17-49吋,,2999
Raymii VADER LS61-M1 RGB 白色 ,單螢幕 , 穿夾兩用 , 氣壓式, 承載20KG , 17-49吋,,2999
Raymii NEON LS34-1M RGB 灰色 ,單螢幕 , 穿夾兩用 , 機械彈簧式, 承載9KG,17-32吋,,1990
Raymii NEON LS34-1M RGB 白色 ,單螢幕 , 穿夾兩用 , 機械彈簧式,,承載9KG,17-32吋,,1990
Raymii VS31 ,雙螢幕 , 穿夾兩用 , 氣壓式, 每隻承載8KG , 15-32吋,2500
Raymii VS30-NB ,單螢幕+筆電托盤,穿夾兩用,氣壓式,每隻承載8KG,15-32吋,筆電19吋,3249
Raymii VS60 黑色 ,雙螢幕 , 穿夾兩用 , 氣壓式, 單隻承載9KG , 13-32吋 , 鋁合金支架,,3750
Raymii VS60 白色 ,雙螢幕 , 穿夾兩用 , 氣壓式, 單隻承載9KG , 13-32吋 , 鋁合金支架,,3750
Raymii HALO-1M2 黑色 ,雙螢幕 , 穿夾兩用 , 氣壓式, 承載20KG , 15-42吋 , USB3,0*2,,4090
Raymii HALO-1M2 白色 ,雙螢幕 , 穿夾兩用 , 氣壓式, 承載20KG , 15-42吋 , USB3,0*2,,4090
Raymii VADER LS61-M2 RGB 黑色 ,雙螢幕 , 穿夾兩用 , 氣壓式, 承載20KG , 17-35吋,,5000
Raymii VADER LS61-M2 RGB 白色 ,雙螢幕 , 穿夾兩用 , 氣壓式, 承載20KG , 17-35吋,,5000
銀欣 SST-ARM11BC 單螢幕桌上型懸掛架,"可調扭力式懸臂,多重性調整",黑,台製-尾盤,1999
銀欣 SST-ARM11SC 單螢幕桌上型懸掛架,"可調扭力式懸臂,多重性調整",銀,台製-尾盤,1999
銀欣 SST-ARM13 ,單螢幕 , 機械彈簧設計 , 穿夾兩用 , 最大支援32吋or9公斤,,1990
銀欣 SST-ARM14 白色 ,單螢幕 , 氣壓彈簧設計 , 穿夾兩用 , 最大支援49吋or20公斤,,2990
銀欣 SST-ARM14B 黑色 ,單螢幕 , 氣壓彈簧設計 , 穿夾兩用 , 最大支援49吋or20公斤,,2990
銀欣 SST-ARM21B 雙螢幕氣壓棒,穿夾兩用,內附理線槽,黑,最大支援32吋 or 9公斤,2990
銀欣 SST-ARM25 ,雙螢幕,機械彈簧設計 , 穿夾兩用 , 最大支援32吋or9公斤,,3290
銀欣 SST-ARM22SC 雙螢幕桌上型懸掛架 , 可調扭力式懸臂 ,銀 , 台製,5900
